„Çø„Ç§„É†„Çπ„Çø„É≥„Éó,Your Profile Picture (Optional),Your Username (Optional),Your Region (Optional),Your Original Fan Art (Optional) - please do NOT upload artworks created by someone else or anything Not Safe For Work,Your Twitter Account (Optional),Your Congratulatory Message to Usada Pekora (Required)
2020/11/12 7:29:49,,kanamea,North America,https://drive.google.com/open?id=1P9S5uALUKmeOzrV4MYBg3Wxg2kfi5PH2,kanamea_,test message sent
2020/11/12 11:46:03,https://drive.google.com/file/d/1vBw1exbUhmWDwd5PY-9b9S8d6KAnOD9T/view?usp=sharing,Smoker,South America,,https://twitter.com/smokermegadrive,"Congratulations for 1 million subscribers Pekora. I've been watching you for over a year now, Im glad to see how you have evolved and became an even better content creator and even more open toward your colleagues. In this whole time that I have been watching you you have been helping me weather through various situation and prevented me to fall into anxiety again, you are a great motivator to me and to a lot of people for that reason I'll be thankful to you forever Big boss, keep being the best Vtuber ever."
2020/11/12 15:50:35,,carrot cantrell,North America,,,OMG OMG OMG OMG OMG OMG TEMEEEEEEEEEEEEEEEEEEEEEEEEEEEEEEEEEEE  CON-GRA-JEW-LAY-TIONS PEKORA PEKO PEKO PEKO PEKO PEKO PEKO PEKO
2020/11/12 15:51:07,,Awesomenooby,North America,,,CONGRATULATIONS-PEKO
2020/11/12 15:51:47,https://i.imgur.com/9xbDoZ6.png,Lompy,North America,,,Congrats!! We all love you peko! Keep up the good work!! PEKO!!!
2020/11/12 15:52:00,,Stone_Pickaxe,North America,,,Congrats on the huge milestone!! Have a golden carrot. You earned it.
2020/11/12 15:52:01,,evtopian,North America,,,"All I can say is pog, congrats on doin the do and gettin so far."
2020/11/12 15:52:06,,Dante Dimiceli,North America,,,We will always love and support you Pekora!
2020/11/12 15:52:09,,copyrofire,Europe & North Asia,,https://twitter.com/copyrofire,"Hello Pekora,
Started watching you recently and even though i don't understand japanese i always enjoy watching your streams and videos. You always have high energy and hope you keep this up! 
Wish you the best and see you at 2 Million :D"
2020/11/12 15:52:20,,Vanilla Wayfarer,North America,,@vanillawayfarer,"Congratulations on 1,000,000 subscribers! Soon you will have a million more!"
2020/11/12 15:52:27,,,North America,,,Congratulations Pekora! You've made me laugh so much and I love how cute you are!! Here's to many more subscribers coming your way!!
2020/11/12 15:52:34,,Brian,North America,,,"We love you, you dumb bunny. Congrats on 1 million! "
2020/11/12 15:52:34,https://pbs.twimg.com/profile_images/1044719910570651649/m3phG39u_400x400.jpg,Bishounen_P,North America,,https://twitter.com/Bishounen_P,"Conpekolations!! Thanks to you, I've fallen down the Hololive rabbit hole. You'll always be my favorite. Love from America!!!"
2020/11/12 15:53:04,,BirbStorm,North America,,@BirbStorm,Pekora has given me so much happiness in life she deserves every single subscriber and so much more.
2020/11/12 15:53:46,https://i.imgur.com/sfHiHZN.png,NatChan,Europe & North Asia,,,„Åä„ÇÅ„Åß„Å®„ÅÜ„Å∫„ÅìÔºÅ‚ô•  Pardun ?
2020/11/12 15:55:11,,Aiky,North America,,,"Thank you for dragging me into the Hololive Hole. I loved every little moment I got to witness. Despite all the comedian jokes, you are one of the most genuine person I have ever had the pleasure of watching. I look forward to all the antics moving forward. Congratulations again for hitting your long time goal of 1 million. „Åä„ÇÅ„Åß„Å®„ÅÜ Pekora"
2020/11/12 15:56:17,https://twitter.com/pikao_s/status/1325353214863056896?s=21,Delta,North America,,@deltassbu,"Congratulations, peko! Your streams are always a good way to start my morning. Regardless of whether or not I can understand you, you will always bring me joy. Keep up the good work peko~!"
2020/11/12 15:58:43,https://cdn.discordapp.com/avatars/748246906420854856/9a260070a9c08099e3dda262b6b55fb8.png?size=256,Moca,North America,,@DQNDokyuun,"KONPEKO CONGRATULATIONS PEKORA!!!! You're my favorite vtuber and streamer and you make me so, so, soooo happy! I hope you can get many more subscribers and I hope that you can have a happy year and life in general! You mean so much to me and if it wasn't for you I'd be really sad right now. „Åä„ÇÅ„Åß„Å®ÔºÅÔºÅÔºÅ"
2020/11/12 15:58:47,,Bloodcloak,North America,,,CONGRATLATIONS PEKO!!!!!! I DON'T KNOW WHAT ELSE TO SAY 
2020/11/12 15:59:37,https://i.imgur.com/X3yJ0nh.png,Chinchow,North America,,,"Congrats Peko! You deserve it so much, thank you for the hare brained schemes!"
2020/11/12 16:01:08,https://imgur.com/r/Usagimimi/VD23WuV,Arda,Europe & North Asia,,,"Thanks for entertaining us Pekora. You've been with me, made me smile throughout this tough times. You deserve nothing less. I've started to learn japanese just to watch your streams. Please keep doing what you enjoy doing. We love you and we'll support you no matter what. "
2020/11/12 16:01:13,,Slayerrcks,North America,,,Thanks you Pekora. You were the first vtuber I watched that got me into this wonderful world. I love everything stream you've done!
2020/11/12 16:01:42,https://imgur.com/a/Hr9qTwH,Weeaboo William,North America,,,Congratulations-peko! you really are our Big Boss.
2020/11/12 16:02:04,https://ibb.co/hfyWwnz,Astro,South East Asia,,https://twitter.com/Runa_Hime,"Congratulations for 1M peko !! Pekora is the best !!

1M„Éö„Ç≥„Åä„ÇÅ„Åß„Å®„ÅÜ„Åî„Åñ„ÅÑ„Åæ„Åô!!„Éö„Ç≥„É©„ÅØÊúÄÈ´ò„Åß„ÅôÔºÅ"
2020/11/12 16:02:38,https://pbs.twimg.com/profile_images/1150899548438650880/TUds3kOj_400x400.png,MasterTimer,Europe & North Asia,,https://twitter.com/MasterTimer99,"I am someone who usualy watches your streams without saying anything in chat because I don't know what to say, but I still enjoy watching your streams without saying anything.
Even though i never say anything i will always cheer you on.
„Åä„ÇÅ„Åß„Å®„ÅÜ„Åî„Åñ„ÅÑ„Åæ„Åô"
2020/11/12 16:03:47,,morst,Europe & North Asia,,,"Pekora, you're cute and funny."
2020/11/12 16:05:32,https://imgur.com/a/up2F1NS,QuantumMischief,North America,,QuantumMischief,"Congrats on the 1 million subscribers Usada!!! It's been a blast watching you in whatever capacity I can and I'm so glad that you've been able to see a lot of success!! Keep up the great work and remember that as much as we may make fun of you, at the end of the day we do still think of you as a cute funny bunny with great personality! :)"
2020/11/12 16:06:18,https://cdn.frankerfacez.com/emoticon/212344/4,Pyrogalactic,Europe & North Asia,,@RebootSerect,"Congratulations on 1 million subscribers Pekora-chan!!!!!!! You were one of the first hololive girls I started watching and I never left. I wake up, eat breakfast, check which hololive girls are streaming and most of time you're streaming. Although my japanese isn't that great, which means I can't understand you most of the time, I really like your streams. You can just be doing whatever, talking about anything and still make it entertaining. You've worked hard and deserve the milestone of 1 million subscribers for sure! I'll look forward to seeing your parents' reaction to you being a V-tuber and I'll keep watching your stream whenever I can.ÔºëÔºêÔºê‰∏á„Åä„ÇÅ„Åß„Å®„ÅÜÔºÅÔºÅÔºÅÔºÅÔºÅÔºÅÔºÅÔºÅÔºÅÔºÅ"
2020/11/12 16:08:31,https://ibb.co/YbK3wXL,cecilbug,North America,,cecilisaway,"CONGRATS ON 1M PEKORA! That's a lot of Nousagis! I'm very proud of you for making it so far peko. Your videos make me smile and laugh so much, I love watching your crazy adventures.  Ever since I started watching your videos I began to laugh how you laugh. Please keep doing what makes you happy, because it makes us all happy. AISHITERU<3"
2020/11/12 16:09:19,https://i.ytimg.com/vi/7y5oyUbmv_8/maxresdefault.jpg,Weaboodles,,,Weaboodles,"Hello and Congratulations on 1 Million subscribers, Pekora! I know you might not be able to read this, because its in english, but do your best doing that! I enjoy the content you make for me and all your other fans, and I hope you'll be able to make a lot more content for us in the future! You are one of my favorite members of hololive, and I'm glad you made the decision to join. Thank You, and again, Congratulations on 1 Million Subscribers!"
2020/11/12 16:09:49,,lav,South East Asia,,,CONGRATS FOR THE MILESTONE PEKO üê∞üê∞ü•ïü•ï
2020/11/12 16:10:05,,TrieuTrue,North America,,,"Congratulations Pekora! Love watching your streams and thank you, even if you hear this a milllion times from other people. You have helped me whenever I'm feeling down and watching you stream always put a smile on my face! Thank you again and looking forward to your next milestone! Fighting! Fighting! Also, don't work too hard!"
2020/11/12 16:11:15,https://i.imgur.com/XDPDCHN.jpg,Thrashinuva,North America,,https://twitter.com/thrashinuva,"Pekora, you were my first step into Hololive, and all this time you are still the one I think of the most. You are a happy part in my life. You've earned all of your success and more. I do not speak Japanese. I came to understand you through subtitles, and though I cannot completely understand Japanese I still watch your streams. Pekora is my favorite person on YouTube. I want to see you for a long time still. I love you. Â§ßÂ•Ω„Åç„ÄÇ"
2020/11/12 16:11:18,,Pootischu,South East Asia,,,"Konpeko! Writing this early, but congratulations for the big number of one million subscribers. Your streams never failed to amuse me, and I do hope you'll continue to be yourself. Cheers!"
2020/11/12 16:12:17,https://imgur.com/By96jkh,KongoBongo ÈáëÂâõ„Éú„É≥„Ç¥,North America,https://imgur.com/korrjQP,Ôº†Lukalade,"ALL HAIL PEKORA
1 MILLION TODAY
THE ENTIRE WORLD TOMORROW
FOR THE PEKOLAND
"
2020/11/12 16:13:26,http://puu.sh/GMTtt/50104a1516.png,Missingbird,North America,,,"Thanks for all the laughs and love, Boss! Here's to even more!"
2020/11/12 16:14:36,,,,,,i believe in pekora supremacy 
2020/11/12 16:15:22,https://i.imgur.com/B6dvfRS.png,Ravensia,North America,,,"Congrats, number one evil genius waifu!"
2020/11/12 16:16:01,,,Europe & North Asia,,,"Congratulations, well done getting this far Pekora. I know the journey is just starting for you, all the best wishes"
2020/11/12 16:16:02,https://i.imgur.com/AuenGcN.png,nisenazo,North America,,,„ÅçÔΩî„Çâ100‰∏á„Åä„ÇÅ„Å∫„Åì„ÅÜÔºÅÔºÅÔºÅÂøúÊè¥„Åó„Å¶„Çã‚ô°
2020/11/12 16:16:37,https://kawai.shikimori.one/system/users/x160/367881.png,Knox,Europe & North Asia,,,„Çà„Åè„ÇÑ„Å£„ÅüÔºÅÊ≠¢„Åæ„Çâ„Å™„ÅÑ„ÅßÔºÅ„Éö„Ç≥„Äú
2020/11/12 16:16:40,@KuroKagamine2,Kuro kagamine,South East Asia,,@KuroKagamine2,"Pekora-saichou this whole year was fun!! I always watch your stream and collab and it help me on my everyday living ‚ù§Ô∏è first of all congratulations youre near on the goal! ü•ï Your work has showing its fruit and it shows how great are you! 

My favorite part of your streams are the pekomiko
Pekomoona which moona changed you a lot ‚ù§Ô∏èüê∞ü•ïüåô
And koropeko it was fun 


ÂÜç„Å≥„Åä„ÇÅ„Åß„Å®„ÅÜ„Éö„Ç≥„É©„Çµ„Ç§„ÉÅ„Éß„Ç¶!!È†ëÂºµ„Çã„Å≠„ÄúÈ†ëÂºµ„Å£„Å¶È†ëÂºµ„Å£„Å¶„ÄÅ„ÅÑ„Å§„ÇÇÁ¥†Êïµ„Å™„Ç¢„Ç§„Éâ„É´„ÇíË¶ö„Åà„Å¶„Å≠ÔºÅ ‚ù§Ô∏èü•ïüê∞"
2020/11/12 16:17:03,,Doormatsu,North America,,,You‚Äôre the best peko!
2020/11/12 16:17:11,https://i.quotev.com/img/q/u/18/5/24/s5ah3pi7xt.jpg,Colash,Europe & North Asia,,,"Congratulations for 1M subs pekora!!! Your videos always makes me laugh and helps me go through my day. I'll keep watching your streams and wish you the best of luck. Your crimes will be covered by your employees, don't have to worry about that. Lots of love peko!!"
2020/11/12 16:18:00,,Gladius,South Asia,,,"Congratulation pekora XD  
i sincerely hope for the best of you and i hope for your success in the future"
2020/11/12 16:20:31,,,North America,,,very very cute rabbit. i love. congratulations!!
2020/11/12 16:30:17,,Kei,North America,,,"Congratulations on reaching 1 million subscribers, Pekora!!
This is an amazing milestone! You keep improving everyday!!
All of the Nousagis are proud of you and will continue to support you all the way!
Peko peko peko peeeeko! "
2020/11/12 16:30:17,https://ibb.co/qJ1mNxT,Mefour,North America,,,"Congratulations, Pekora! It has been an amazing experience watching you grow as an idol/comedian/crazy rabbit over the last few months. I cannot thank you enough for all of the laughs and good memories you've brought myself and many others. Here's to many more!"
2020/11/12 16:30:36,,,North America,,,"I started watching your content from the clips of your friends falling in your trap, but kept watching because of how caring you are toward your friends when your constructions cause them real harm and you help them. Thanks for all the fun time you provide with all your streams."
2020/11/12 16:31:22,,Monstiness,North America,,,„ÉÅ„É£„É≥„Éç„É´ÁôªÈå≤ËÄÖ‰∏áÁôæ‰∫∫„ÄÅ„Åä„ÇÅ„Åß„Å®„ÅÜ„Åî„Åñ„ÅÑ„Åæ„ÅôÔºÅ
2020/11/12 16:32:05,https://i.pinimg.com/originals/60/7c/84/607c84d7fc8f73ab08fa4ac123cb28a4.png,Maver1ck,North America,,,"Hi Pekora! I've only recently been getting into Hololive, but I love and adore the content you create! Seeing someone being able to get over their anxiety the way you have in your streams and be one of the most beloved content creators in Hololive is nothing short of an inspiration to me, and though I may not be able to understand your language, I enjoy the enthusiasm and energy you bring to your streams all the same.

Here's to the road to two million-peko!"
2020/11/12 16:34:29,https://hollowknight.com/wp-content/uploads/2018/09/cp_thumbs__0001_Life.jpg,Wyle_kun,North America,,@Wyle_kun,"Congratulations Pekora! This is a big milestone and I am very happy to see you reach it.

You deserve it! You are very funny, kind, super cute and a master entertainer! Whatever you are doing, you are always putting a smile on my face.

Even though we like to bully you, we all love you! You are a very special and unique existence, please continue to shine brightly.

More importantly, I wish you good health, happiness and whatever you desire!

I am proud to be a Nousagi."
2020/11/12 16:39:07,https://pbs.twimg.com/media/EQlHtv3W4AAojpA?format=jpg&name=4096x4096,Shroob,Europe & North Asia,,,Congratulation-peko !!!!!! France is supporting you 
2020/11/12 16:40:05,,Daniel Parnell,North America,,Parnelld,Congratulations on reaching 1 million subs! I am new to your community but hope you aim for the top as a cute idol and comedian! Thank you for being you! 
2020/11/12 16:43:30,,,North America,,,You are very funny. Congratulations peko.
2020/11/12 16:43:30,https://i.redd.it/aoh4z6fwold21.png,Malts,North America,,,"Pekora, congratulations on 1m subs! You've worked hard to earn this and you deserve all your success! Your videos always cheer me up and have helped me get through a very tough year of health issues, and I'm sure many others feel the same way. Thank you so much for all the laughs!"
2020/11/12 16:49:44,https://i.redd.it/er3zodnglxj31.jpg,Horo Senpai,Europe & North Asia,,https://twitter.com/WeAreGER,"Konpeko Konpeko Konpeko \o/ Congratz to the 1Million Milestone <3, Ps: i love your laugh so much AH‚ÜìHA‚ÜëHA‚ÜëHA‚ÜëHA‚Üë <3"
2020/11/12 16:50:34,,„Çµ„Ç§„É¨„É≥„ÉàÔºëÔºëÔºòÔºôÔºÜ„Éï„É¨„É≥„Ç∫,North America,,,„Åä„ÇÅ„Åß„Å®„ÅÜ„Åî„Åñ„ÅÑ„Åæ„Åô„ÄÅ„Å∫„Åì„Çâ„Åï„ÇìÔºÅÔºÅÔºÅÊØéÊó•ÂÉï„Å®ÂèãÈÅî„Å®„Å∫„Åì„Çâ„ÅÆÊñ∞„Åó„ÅÑ„Éì„Éá„Ç™„ÇíË¶ã„Åæ„ÅôÔºÅ„ÅÇ„Çä„Å∫„ÅìÔºÅ
2020/11/12 16:51:23,https://i.imgur.com/E2IuxrL.jpg,Babinx,North America,,,"CONGRATS PEKO~! You are not only among the most entertaining Vtubers I've ever seen, but also genuinely among the funniest and most entertaining people I've ever watched! We all want to see you succeed and I look forward to all of your streams in the future! „Åä„ÇÅ„Åß„Å®„ÅÜ„Åî„Åñ„ÅÑ„Åæ„Åô„ÄÅÁßÅ„Å®ÁµêÂ©ö„Åó„Å¶„Åè„Å†„Åï„ÅÑÔºÅ
"
2020/11/12 16:58:17,https://scontent-lax3-1.xx.fbcdn.net/v/t1.0-9/119966743_474907253466022_4789531271126049132_n.jpg?_nc_cat=108&ccb=2&_nc_sid=174925&_nc_ohc=G6S1XAGeq68AX-JKK5i&_nc_ht=scontent-lax3-1.xx&oh=e8c5dfe72300483519840c2b71a2aa89&oe=5FD4E1D7,okuu0,North America,,,„Åä„ÇÅ„Åß„Å®„ÅÜ„Å∫„Åì„Çâ„Å°„ÇÉ„Çì!! ÁßÅ„ÅØÂ∏∏„Å´ÂÆá‰ΩêÁî∞Âª∫Ë®≠„ÅÆ„Çµ„Éù„Éº„Çø„Éº„Å´„Å™„Çä„Åæ„Åô!
2020/11/12 17:04:38,https://drive.google.com/file/d/1SHUtatAKqcd7ZlO0rAJ5KeSNbpa2sauH/view?usp=drivesdk,Be Nyah,South East Asia,,,"Our Rabbit Princess, Congratulations! reaching 1 million subs. We Nousagis will continue to support you."
2020/11/12 17:09:43,https://www.pixiv.net/en/artworks/84884391,Neoclastis,South East Asia,,neoclastis,"Pekora-san congrats on reaching 1M subscriber!!!, keep on improving and being the best crazy rabbit and bunny comedian ever,your laugh and prank really helps my day when i was down,looking forward to watch you more in the future!!! USADA KENSETSU SAIGO!!! USADA PEKORA SAIGO!!!"
2020/11/12 17:15:26,,Kikin,North America,,,"My Mother gave me life, but Pekora gave me the will to live it, long live pekoland! Peko!"
2020/11/12 17:19:24,,ElementalExcel,North America,,Excelsiorvindi,Congratulation pekoyo! Watching your stream always makes me happy with your shenanigans and mishaps. I hope you continue strong with your stream and your goal of being the best vtuber Idol! Cheers to your health and longevity!
2020/11/12 17:22:18,,Evion,South East Asia,,,Congratulations Pekora! Thank you for always for your wonderful streams and being so lovable! Here's to another wonderful time in the days to come!
2020/11/12 17:24:47,https://en.meming.world/images/en/thumb/a/af/Surprised_Pikachu_3D.jpg/300px-Surprised_Pikachu_3D.jpg,NtrReaper,South East Asia,,@ReaperNrt,"Happy 1m subscribers, our favorite comedian rabbit"
2020/11/12 17:25:22,https://64.media.tumblr.com/0e487ba79293a86be3bf7aaa38c9f755/tumblr_pgx6gqGBj81v7g2l9_1280.png,DarthDoom66,North America,,,"Congrats Pekora!!! Happy for you & thank you for being awesome, always! "
2020/11/12 17:30:58,https://imgur.com/a/T9rxY6M,StormShaun,Oceania,,StormShaun,"Thank you for all the content! Us overseas wild rabbits love you~ <3 <3 <3 

„Åü„Åè„Åï„Çì„ÅÆ„Ç≥„É≥„ÉÜ„É≥„ÉÑ„Çí„ÅÇ„Çä„Åå„Å®„ÅÜ„Åî„Åñ„ÅÑ„Åæ„Åó„Åü ÁßÅ„Åü„Å°Êµ∑Â§ñ„ÅÆÈáé„ÅÜ„Åï„Åé„ÅØ„ÅÇ„Å™„Åü„ÇíÊÑõ„Åó„Å¶„ÅÑ„Åæ„Åô "
2020/11/12 17:40:33,,Neiko,North America,,,Thank you for making me laugh all the time peko
2020/11/12 17:54:45,https://cdn.discordapp.com/avatars/300442628896587776/f8d627b7caae4e65039750852daaaf08.png?size=256,GrenDy,,,,Congrats on 900 subs peko!!!
2020/11/12 17:57:47,,,,,, I can't understand Japanese well but I always enjoy your streams Pekora!
2020/11/12 18:00:56,,,South East Asia,,,"Hey crazy rabbit!! You did it!
We are happy for you, keep doing your best <3"
2020/11/12 18:16:31,https://www.artstation.com/artwork/R6KrD,Coffee Lover,South East Asia,,,"Congrats in the making of 1 mil sub! I remember my first live stream of you getting the crown in fall guys! I am so excited everyday for you giving us a wonderful stream. I'm so glad I encounter Hololive and You that it boost us and give inspiration in this hard times. You not only entertain us but gives a warm feeling, truly a shining star from above and to pursue in living to see bright future ahead us. Thank you for so much love even we bully you sometimes, we just love getting cute reactions from you. Even we call you crazy rabbit or comedian but in our heart, you are our No.1 Idol! We always support you and cheer if you facing hard times, we always here to looking for your success. "
2020/11/12 18:34:59,https://files.catbox.moe/890p2d.webp,„Ç∏„ÉßJo,North America,,Korth367,You worked hard and deserve this Boss. We'll always support you. Congratulations!
2020/11/12 18:39:44,,,,,,"Hello Pekora! Hopefully with your amazing Pekolish you can read and understand what I want to say in this message (if not, that's okay though!). 
Firstly: Congratulations!!! You've made 900,000 people happy with your hard work, and probably many more who just watch your clips! 

Secondly, I want to tell you how you captured my heart. I had known about you and subscribed to your channel a long time ago, because I thought you were a funny bunny. Which you very much are, but I like you because of more than just that. When I found your cover of Discommunication Alien, I loved the song and your voice, but I didn't know what it meant. I just knew it sounded good. But I read a comment while scrolling, and it said you had a social anxiety problem. I thought, ""No way, she sounds so outgoing and extroverted!"" But then I read the lyrics of the song I was listening to, and understood. I also found out you said you don't like to be on the Hololive JP server when there are many others on it, and it made a lot of sense. I thought it was amazing that you who has anxiety problems can be so active, so funny, and so entertaining to so many people! The way you carry yourself on streams was and is inspiring to me; it made me fall in love with you and your strength. 

I cannot thank you enough for simply being you, and it's all I can do to give you my support through methods like this, so if you would, please take it, it would mean the world to me. 

Love,
Just Another Nousagi.

ÁßÅ„ÅØÊú¨ÂΩì„Å´Êú¨ÂΩì„Å´„ÅÇ„Å™„Åü„ÅåÂ•Ω„Åç„Åß„Åô„ÄÇ"
2020/11/12 18:44:35,,Kalt,South East Asia,,,"Pekora-sama congratulations on reaching 1 million subs, heres to hoping for and even brighter future to your career. thank you for making us happy through your streams. "
2020/11/12 18:49:58,,Dire Storm,North America,,,Keep shining bright my precious rabbit comedian idol!
2020/11/12 18:52:21,https://yt3.ggpht.com/a/AGF-l797PYHhesDI_nmtH2zQPx2vWlEOLodZJ8Bj0A=s900-mo-c-c0xffffffff-rj-k-no,Clueless,South East Asia,,,"„Åì„Çì„Å∫„Åì„Éº Congratulation on 100‰∏á My heart leaps with joy every time I see pekora cry on stream, you always make my darkest day bright and your laughter never fails to bring a smile on my face. I want thank you for  being there for me.
„ÅÇ„Çä„Åå„Å®„ÅÜ„Å∫„Åì„ÇìÂêõ„ÇèÁßÅ„ÅÆ„Éí„Ç§„É≠„Å∫„Åì„Çì"
2020/11/12 18:52:23,https://1.bp.blogspot.com/-2xgxukufeeE/U5y8UU1uFhI/AAAAAAAADOU/JD8eJvj7JE0/s1600/colorful-trippy-non-animated-illusion.jpg,Fumajime,East Asia,,Fumajime88,5Êúà„ÅÆ„É°„Çø„É´„ÇÆ„Ç¢„ÇΩ„É™„ÉÉ„Éâ2„ÅÆÈÖç‰ø°„Çí„Åç„Å£„Åã„Åë„Å´„ÄÅÂÖéÁî∞„Å∫„Åì„Çâ„ÅÆÂ≠òÂú®„ÇíÂàù„ÇÅ„Å¶Áü•„Å£„Å¶„ÄÅ„Éõ„É≠„É©„Ç§„Éñ„ÅÆÊ≤º„Å´Âê∏„ÅÑËæº„Åæ„Çå„Åæ„Åó„Åü„ÄÇ„Åù„Çå„Åã„Çâ„ÅØ„ÄÅ„Å∫„Åì„Çâ„Å°„ÇÉ„Çì„ÅÆ„Åì„Å®„Çí„ÇÇ„Å£„Å®Â•Ω„Åç„Å´„Å™„Å£„Å¶„ÄÅ6Êúà„Å´„ÄÅ„É°„É≥„Éê„Éº„Å´ÂÖ•„Çä„ÄÅÈáé„Ç¶„Çµ„ÇÆ„Å´„Å™„Çä„Åæ„Åó„Åü„ÄÇÂæåÊÇî‰∏Ä„Å§„ÇÇ„Å™„ÅèÂπ∏„ÅÑ„Åß„Åô„ÄÇ100‰∏á‰∫∫ÁôªÈå≤ËÄÖÊï∞Á™ÅÁ†¥„ÇíË¶ãÂ±ä„Åë„Çã„Åì„Å®„Åå„Åß„Åç„Åü„ÄÅÊú¨ÂΩì„Å´„ÅÜ„Çå„Åó„ÅÑ„Åß„Åô„ÄÇ„Åì„Çå„Åã„Çâ„Å∫„Åì„Çâ„ÅÆÊ¥ªÂãï„ÄÅ„Ç≤„Éº„É†ÂÆüÊ≥Å„ÄÅÂª∫Ë®≠‰ºÅÁîª„Å™„Å©„ÄÅÂÖ®ÈÉ®„ÅØÊ•Ω„Åó„Åø„Åß„Åô„ÄÇ200‰∏á‰∫∫ÁôªÈå≤ËÄÖÊï∞Á™ÅÁ†¥„ÇÇ„ÄÅË¶ãÂ±ä„Åë„Çã‰∫àÂÆö„Åß„Åô„ÅÆ„Åß„ÄÅ„Åì„Çå„Åã„Çâ„ÇÇÁ∂ö„ÅÑ„Å¶ÂøúÊè¥„Åï„Åõ„Å¶„ÅÑ„Åü„Å†„Åç„Åæ„Åô„Å≠ÔºÅPekora Is Justice!
2020/11/12 18:54:08,https://mobile.twitter.com/sakurazawaa/photo,Sakurazawa,South East Asia,,twitter.com/sakurazawaa,ÔºëÔºêÔºê‰∏á‰∫∫„Åä„ÇÅ„Åß„Å®„ÅÜ„Åî„Åñ„ÅÑ„Åæ„ÅôÔºÅ„Å∫„Åì„Å°„ÇÉ„ÇìÔºÅÈ†ëÂºµ„Å£„Å¶‰∏ã„Åï„ÅÑÔºÅÂêõ„Åå„Å∫„Åì„ÇâDiscord„ÅåÂøúÊè¥„Åß„ÅôÔºÅ„Åä„ÇÅ„Åß„Å®„ÅÜ„Åî„Åñ„ÅÑ„Åæ„ÅôÔºÅ
2020/11/12 18:59:43,,Pheonix910,Central America,,,Thank you pekora. We love your streams. Congrats on 1 mil. Hope to see you grow more.
2020/11/12 19:06:06,https://pbs.twimg.com/profile_images/1309733170300874754/Z9mHtQuV_400x400.jpg,Chriss ,Oceania,,hi_imChriss,"Konpeko~~ üê∞First of congratulations my favourite girl to reaching 1 mil!!! üò≠ü•≥ Thank you so much for all the hard work you put into your streams and always making us smile üòä  and I hope that you will continue working hard like you always do!!! ü•∞ü•∞ I‚Äôm so happy to have been fated to know you üò≠ Thank you for always being yourself Pekora, never change that about yourself ‚ù§Ô∏è‚ù§Ô∏è I love you so much Pekora pekoooooo üòÜüòÜ"
2020/11/12 19:12:56,,DJoshie,South East Asia,,,Congratulations! 1 million suscriber usagi!
2020/11/12 19:18:32,,Makitsune,,,,"Omedetou  Pekora! Best wishes for the future, the nousagi are cheering you on !"
2020/11/12 19:25:44,,Oizys,South East Asia,,,Congratulations Pekora! I been watching you since 100k subscribers and I am really happy to see you grow this much. Looking forward to watching your streams! but please don't push yourself I just want to see you happy
2020/11/12 19:26:33,,,North America,,,"Congratulations to Pekora! I hope that you may never forget how appreciated you are; the love and effort you put into your work never goes unnoticed by us. Thank you! 

Thank you, also, to the nousagi for supporting Pekora from all around the world through art, donations, and comments! Finally, an indelible and very gracious thank you to the many fan-translators-- without whom many of us may not be here today. Together, we've truly made a great community. 

PEKORA IS JUSTICE!!"
2020/11/12 19:30:50,,,South America,,,"Konpeko~~!!!
Congratulations on reaching 1 million subscribers om YouTube, Pekora! Never forget that no matter where, when or how the Nousagis will always be here for you, supporting you until the end, be It watching a stream late at night because of time-zones, or joking around putting ""peko"" at the end of any random word. Never stop being the half Comedian half Idol bunny that everyone loves to have around! We look forward to all your streams in the future and many many more milestones like this one! Congratulation-peko!!! ‚ÜóÔ∏è‚ÜòÔ∏è‚ÜóÔ∏è‚ÜòÔ∏è"
2020/11/12 19:45:40,https://m.facebook.com/photo.php?fbid=137431981421903&id=100054653050915&set=a.103672738131161&source=11&ref=bookmarks,Jai,South East Asia,,https://twitter.com/Raifun27?s=09,"Almondo Almondo! 

Thank you CrazyRabbit for making me happy when I felt down. I truly am grateful that I knew you, that I have another thing to look forward to everyday, that you are a part of my life peko! I love you Pekora! "
2020/11/12 21:12:49,,shakessan,South East Asia,,,Hi Pekora! You're the reason that my daily panic attacks are now gone. You saved me from the hell that I experienced during this quarantine. I don't know what will happen to me if I didn't meet you and the rest of the group. You really are a blessing not to me but to every nousagi out there. We all love you! ÔºëÔºêÔºê‰∏á‰∫∫„Åä„ÇÅ„Åß„Å®„ÅÜÔºÅÊú¨ÂΩì„Å´„ÅÇ„Çä„Åå„Å®„ÅÜÔºÅ
2020/11/12 21:23:51,,Trer,Europe & North Asia,,,"Congratulations on reaching 1 Million subscribers. I am looking forward to more fun streams and good luck reaching 2 Million subscribers! 
„Å∫„Åì„Å∫„Åì„Å∫„Éº„Éº„Åì„Å∫„Åì„Éº„Éº„Å∫„Å∫„Åì„Çâ„Å∫„Åì"
2020/11/12 21:47:23,https://cdn.discordapp.com/avatars/410802910365220877/0e88daa66a8b908b7b5177bc176ce090.png?size=1024,Gordon JamCast,Europe & North Asia,,,Congratulations on the subscribers! 
2020/11/12 21:55:01,,Nousagi475Yen,,,,"Usada Pekora-san! Thank you for being you every night. You have given me something to look forward to in this crazy year. I am super thankful to you that I would like to call you ""senpai"" one day. I know it's a long shot and it is difficult, but I'll work hard so I can meet you in person and say ""Thank you"" to you in person. Until then, please keep working hard and bring more smiles to people. Congratulations, Pekora-san!"
2020/11/12 22:05:50,,AidenAces,North America,,@MrAidenCCK,Congratulations Pekora! I only recently started watching Hololive but you and all the others have been a great source of hapiness in these difficult times. Congrats on reaching 1 Million Nousagi! I love you and wish you the best!
2020/11/12 22:06:11,,PekoraDaisuki,South East Asia,,,„Å∫„Åì„ÇâÁ§æÈï∑ÔºëÔºêÔºê‰∏á‰∫∫„Åä„ÇÅ„Åß„Å®„ÅÜ„Åî„Åñ„ÅÑ„Åæ„ÅôÔºÅMay you have a very happy pekolebration and continue to work and entertain us Nousagis the best that you can do peko. We're so proud and happy for you peko! 
2020/11/12 22:06:54,https://imgur.com/a/GKuaSwd,„Åæ„Åç„Åõ„Çª„Éâ,North America,,@MakiseSedo,"It took me too long to fall into the rabbit hole that is Hololive but when I did you quickly solidified yourself as my favorite of the group. Pekora, you have been an inspiration and my greatest source of joy and entertainment during these hard months. I can't possibly express my gratitude in any truer words than, I love you and it's incredible to see you hit this major milestone. You deserve all the love and success you have received and I cannot wait to continue watching your growth. I'm here to support you all the way, Peko.
„Åä„ÇÅ„Åß„Å®„ÅÜ„Åî„Åñ„ÅÑ„Åæ„ÅôÔºÅÔºÅ"
2020/11/12 22:25:20,https://i-converter.com/temp/201113-1605247651-82.102.16.197-jpg-png/i-converter_com.png ,younesderis,West Asia,,,"konnichiwa pekora san!
congrates on 1M subs!
im really really glad that i got into hololive (or like they say...i fell into the rabbit hole AH‚Üì HA‚Üë HA‚Üë HA‚Üë ) so i could find and watch your content 
you are really funny and cute(and fun to bully XD)  and my favorite among all the members of hololive
we(your subs) love you no matter what (and you're fun to bully XD)
good luck peko!
"
2020/11/12 23:12:42,,Homunculus,Oceania,,,"CONGRATULATIONS ON 1 MILLION GOD PEKO. HERE'S TO ANOTHER MILLION IN ONE MONTH POGGERS
GOD PEKO GOD PEKO GOD PEKO GOD PEKO GOD PEKO GOD PEKO GOD PEKO GOD PEKO GOD PEKO GOD PEKO GOD PEKO GOD PEKO GOD PEKO GOD PEKO GOD PEKO GOD PEKO GOD PEKO GOD PEKO GOD PEKO GOD PEKO GOD PEKO GOD PEKO GOD PEKO GOD PEKO GOD PEKO GOD PEKO GOD PEKO GOD PEKO"
2020/11/12 23:25:04,,,Europe & North Asia,,,I'm not good at expressing emotions and not being fluent in English doesn't help. All I want to say is that I'm very thankful. You don't know it but you really helped me and I will never be able to pay you off enough. Your content is amazing and I'm always waiting for your stream as soon as waiting room is up even though I can't understand what are you saying at all. When you are taking a break for one day it makes me really sad (I understand that you need to rest). I wish you all the best and don't forget that we will support you no matter what because you deserve it. I love you.
2020/11/12 23:35:08,https://www.google.com/url?sa=i&url=https%3A%2F%2Fpuzzlefactory.pl%2Fen%2Fpuzzle%2Fplay%2Fcartoons%2F189145-kousei-arima&psig=AOvVaw0O55d9PBXYwddefAFXFoI8&ust=1605338816938000&source=images&cd=vfe&ved=0CAIQjRxqFwoTCPDis6X__uwCFQAAAAAdAAAAABAM,Joshiwa-san,,,,"Congratulations on reaching 1 Million sub ~! 
Your laugh is like a beacon of hope in the darkest night,
and your personality as dazzling as the morning Sun.
Thank you for being there for us!
"
2020/11/12 23:42:57,,Devianne,Europe & North Asia,,,Konpeko konpeko! Congratulations on reaching 1 millionnnnn!
2020/11/12 23:53:37,,chowtaofu,South East Asia,,,pekora i love you !!! congratulations „Å∫„ÅìÔºÅÔºÅ
2020/11/13 1:04:22,,Xervo,South East Asia,,,Congratulations pekora!!! not sure for wat tho...
2020/11/13 1:09:45,https://staticdelivery.nexusmods.com/mods/2531/images/thumbnails/2721/2721-1583430189-1782774948.png,MashiMaro,South East Asia,,,Congratulation Pekora!!! You achieved a big goal! I am so happy for you! I just started watching your stream a few months ago and I am happy that I continued watching you. Although I could not understand Japanese well. I still can roughly guess what you were doing in the stream and was always enjoying the content that you provided like in Outlast or Thief Simulator. Thank you so much for your hard work in streaming and I will continue to support your stream!
2020/11/13 1:21:27,,Jitashii,North America,,,Huge congrats on the 1 million subs Pekora-senpai!! Been a great opportunity during the chaos to smile abd enjoy your streams!! 
2020/11/13 1:39:07,https://cdn.shopify.com/s/files/1/0078/8575/0369/products/Black_Rose_Dragon_-_Diamond_Painting_Kit.jpg,Thejacensolo,Europe & North Asia,,,100‰∏á„Åä„ÇÅ„Åß„Å®„ÅÜ„Å∫„ÅìÔºÅ„Å∫„Åì„Çâ„Éº„Åï„Çì„ÅØ‰∏ñÁïå„ÅÆ‰∏ÄÁï™Ê•Ω„Åó„ÅÑ„ÅßÔºÅÊØéÊó•„Å∫„Åì„Çâ„Éº„Åï„Çì„ÅÆ„Çπ„Éà„É™„Éº„É†„ÅØË¶ã„Å¶„ÅÑ„Çã„ÄÅÂ§ßÂ•Ω„Åç„Å†„ÇàÔºÅÊú™Êù•„ÅßÈ†ëÂºµ„Å£„Å¶„Åè„Å†„Åï„ÅÑ„ÄÇ
2020/11/13 1:48:05,,IceXube,North America,,,"Hello Usada! Congratulations on hitting 1M subscribers!! You deserve it because you make me smile every stream, even though I don't understand Japanese. You inspired me to learn Japanese and i'm hoping I am fluent enough when you hit 2M. Thank you cute, crazy rabbit!"
2020/11/13 2:06:49,https://cdn.discordapp.com/attachments/91442742894276608/776749830873415680/magpieava1b.png,OneMagpie,Europe & North Asia,,,Thank you Pekora! You're really fun to watch!
2020/11/13 2:24:03,https://media.discordapp.net/attachments/638896270899019786/775250597720227890/pekora_face.png,Nousagi#42069XD,North America,,,„Åì„Çì„Å∫„ÅìÔºÅÔºëÔºêÔºê‰∏á‰∫∫ÁôªÈå≤ËÄÖ„Åä„ÇÅ„Åß„Å®„ÅÜ„ÅÜ„ÅÜ„ÅÜÔºÅÔºÅÔºÅÁßÅ„ÅØ„ÅÇ„Å™„Åü„ÅÆ‰∫∫ÊüÑ„Å´ÊÉö„Çå„Å¶„Åó„Åæ„ÅÑ„ÄÅ„ÅÇ„Å™„Åü„ÅÆ„É©„Ç§„Éñ„Çπ„Éà„É™„Éº„É†„ÇíÁêÜËß£„Åô„Çã„Åü„ÇÅ„Å´Êó•Êú¨Ë™û„ÇíÂãâÂº∑„ÅóÂßã„ÇÅ„Åæ„Åó„Åü! ÁßÅ„ÅØ„Åæ„Å†„Åù„Çå„ÅåÂæóÊÑè„Åß„ÅØ„Å™„ÅÑ„ÅÆ„Åß„ÄÅ‰ªä„ÅØ  „ÅÆÁøªË®≥Ê©ü„Çí‰Ωø„Å£„Å¶„ÅÑ„Åæ„Åô„ÄÇ„ÅÇ„Å™„Åü„ÅÆ„Çπ„Éà„É™„Éº„É†„ÇÑ„Ç¢„Éº„Ç´„Ç§„Éñ„ÇíË¶ã„Å¶„ÅÑ„Çã„Å®„ÄÅ„ÅÑ„Å§„ÇÇÁßÅ„Å´Â§ß„Åç„Å™Âñú„Å≥„Çí‰∏é„Åà„Å¶„Åè„Çå„Çã„ÅÆ„Åß„ÄÅ„ÅÑ„Å§„ÇÇÂèã‰∫∫„Å´YouTube„ÅÆ„ÇØ„É™„ÉÉ„Éó„ÇíÂãß„ÇÅ„Å¶„Åó„Åæ„ÅÑ„Åæ„Åô. VTuber„Éá„Éì„É•„Éº„Åó„Å¶„Åã„Çâ„ÅÆÊ¥ªË∫ç„Çí„Åî‰∏°Ë¶™„Å´Ë¶ã„Åõ„Å¶„ÄÅ„Åä‰ªï‰∫ã„ÇíÂøúÊè¥„Åó„Å¶„ÇÇ„Çâ„Åà„Çã„Åì„Å®„ÇíÈ°ò„Å£„Å¶„ÅÑ„Åæ„Åô„ÄÇÁßÅ„Åü„Å°„ÅåÁü•„Å£„Å¶„ÅÑ„Çã„Ç¢„Ç§„Éâ„É´Ëä∏‰∫∫„ÇØ„É¨„Ç§„Ç∏„Éº„É©„Éì„ÉÉ„Éà„Åß„ÅÑ„Å¶„Åè„Çå„Å¶„ÅÇ„Çä„Åå„Å®„ÅÜ„Åî„Åñ„ÅÑ„Åæ„Åô! Êîπ„ÇÅ„Å¶„ÄÅÔºëÔºêÔºê‰∏á‰∫∫ÁôªÈå≤ËÄÖ„Åä„ÇÅ„Åß„Å®„ÅÜ„ÅÜ„ÅÜ„Å∫„ÅìÔºÅÔºÅ„Å∫„Åì‚Üì„Å∫„Åì‚Üì„Å∫„Åì‚ÜìÔºÅÔºÅÔºÅ
2020/11/13 2:57:23,https://imgur.com/R3oEDVt,jcjhys,Europe & North Asia,,https://twitter.com/jcjhys,"CongraduRATIONS big boss peko, you have made it to 1 Million fans/workers of the cute, crazy rabbit's corporation. We thank you for your content and joy you bring, and hope to continue supporting you for a long time."
2020/11/13 3:33:10,https://priconne-redive.jp/ele-wp/wp-content/uploads/2019/02/68e588e06b13c77fb95e040d49933a4c.png,,South East Asia,,,congratulations on 900k subs peko !!
2020/11/13 3:43:14,,Jamir Mirabueno,South East Asia,,,"Congratulations!!! Peko peko peko 
Congrats for your another achievement. You are the one who brings me to the rabbit hole and discover Hololive. Always positive peko! Again Omedetogozaimasu!"
2020/11/13 4:12:24,https://imgur.com/wVf64hl,UnstoppablePhoenix,Oceania,,,"Peko-ngratulations, Pekora! You finally made it to 1 million subscribers! I'm so proud of you. From your debut through to now, you've been nothing but a ray of sunshine, making people's days better. Arigatou gozaimasu! Here's to a million more carrots!

p.s. Have you told your parents yet-peko? "
2020/11/13 4:47:34,https://images.app.goo.gl/pH92orTj2gcF2aCj7,Gary,South East Asia,,gray_kuroato,Congratulations for 1 million peko! Hope that your future chaotic endeavours continue to entertain us all Peko fans.
2020/11/13 4:57:08,,Catisfat12,North America,,@catisfat12,Congratulations peko! We are all excited for your milestone of 1 mil subscribers! You really deserve it.
2020/11/13 5:02:04,,NoXZ,South East Asia,,,"Congratulation on Reaching 1M Subs. You have work long and hard for this. Just wishes to let you know you are the only Vtuber I have dedicated my time to watch as of now.  Hope you are not making 1M subs an end goal and be satisfied. You have an outstanding talent in captivating audience and trust me, you can grow more faster now. Try new things if you want and do not be afraid. Nousagi is there to support, accept, guide (if needed) and bully you all the time that you will not find yourself lonely or have time to worry. 

Wish that you will have a happy time with whatever you do in the future and remember if you are tired or exhaust, please take a rest. Nousagi always wait for you."
2020/11/13 5:50:22,shorturl.at/iHI49,Lucaerion,South East Asia,,,"Shachou, congratulations on your 1M subs peko~
Thank you for being a wholesome (and chaotic) rabbit princess who really cared (and loves to prank) her friends.
Hope you‚Äôll be able to make more memories and open up yourself to fellow hololive/stars streamer.

‰ªä„Åæ„Åß„Åß‰∏ÄÁï™„Çà„Åã„Å£„Åü„Çà
„Åì„ÅÆË™øÂ≠ê„ÅßÈ†ëÂºµ„ÇåÔºÅ
È†º„Çä„Å´„Åó„Å¶„ÅÑ„Çã„Çà„ÄÇ"
2020/11/13 7:25:09,,Sugarfall,South America,,,"KONPEKO~! I am so happy for your achievement! Your streams never fail to make me laugh, so thank you for that. Thanks to you, I know use ""peko"" in real life too! I am sure this 1 million mark is just the beginning. Glory to Pekoland! Love you <3"
2020/11/13 7:37:18,,Gorowly,Europe & North Asia,,,Love you chaotic rabbit. Your streams help me live these days and keep me hoping for a better future. You attitude and comedy inspires me peko. 
2020/11/13 7:47:56,https://www.google.com/search?q=franz+joseph+i&rlz=1CATATK_enUS853&sxsrf=ALeKk01sgzqNEgLWnCNrgZrL16_2gf3zXg:1605281277868&source=lnms&tbm=isch&sa=X&ved=2ahUKEwj2tNPi6v_sAhUDvVkKHa-lAv4Q_AUoAXoECA4QAw&biw=1366&bih=649#imgrc=daRZBClMuAa86M,Franz Joseph I of Austria,North America,,,"Congratulations on reaching 1 million subscribers! From the bottom of my heart, thank you. You have been there for me rain or shine, day or night, when I am happy or sad. Nothing makes me happier in the morning than hearing your BGM and your unmistakable laugh. I feel no shame in saying that I simp for you. Here's to another million! Â§ßÂ•Ω„ÅçÔºÅÔºÅÔºÅÔºÅÔºÅ"
2020/11/13 7:51:42,https://scontent-frx5-1.cdninstagram.com/v/t51.2885-19/s320x320/101050175_2576844682416252_729214996512243712_n.jpg?_nc_ht=scontent-frx5-1.cdninstagram.com&_nc_ohc=Tu1Y4ZN8onsAX9bqIoj&_nc_tp=25&oh=47a0c3375792a339209c08fa6095a7ae&oe=5FD7CAEA,Old Nobody,Europe & North Asia,,,"Konpekooooo, so much love from Germany to you and your followers and congratulations on 1M subs!!! <3<3<3
Thanks for putting a big smile on my face each and every day, i wish you only the best for the future, much looooooove!!! <3"
2020/11/13 7:51:47,,Norenche,Europe & North Asia,,Norenche,"Congratulations on reaching 1 million subs! I'm glad I found about hololive and you, it made the whole pandemic be less terrible. Here's to the millions to come!"
2020/11/13 7:54:25,,,North America,,,Thank you for all your hard work and congratulations! „ÅÇ„Çä„Åå„Å®„ÅÜÔºÅ„Åä„ÇÅ„Åß„Å®„ÅÜÔºÅ
2020/11/13 8:30:17,,hetz,South East Asia,,https://twitter.com/ak_hetz,"konpeko~~~~

i been watching since mar 2020 bit late i guess, but you are my 1st hololive member, that i follow and be fans on. from your singing archive. still remember how happy i am when u read my sc and sing it (musouka/suara) to your usual moment. 

big congratuliation on your 1 mill subs, pekora.

„Åì„Çì„Å∫„Åì~~~~

ÁßÅ„ÅØ2020Âπ¥3Êúà„Åã„ÇâË¶ã„Å¶„ÅÑ„Å¶„ÄÅÂ∞ë„ÅóÈÅÖ„Åã„Å£„Åü„Å®ÊÄù„ÅÑ„Åæ„Åô„Åå„ÄÅ„ÅÇ„Å™„Åü„ÅØÁßÅ„ÅÆÂàù„ÇÅ„Å¶„Éõ„É≠„É©„Ç§„Éñvtuber„ÄÇ„Åù„Çå„Åã„Çâ„Éï„Ç°„É≥„Å™„Çä„Åæ„Åô„ÄÇ

„Éö„Ç≥„É©„Åï„Çì„ÄÅ100‰∏áÊú¨ÂΩì„Å´„Åä„ÇÅ„Åß„Å®„ÅÜ„Åî„Åñ„ÅÑ„Åæ„Åô„ÄÇ"
2020/11/13 8:36:21,https://cdn.discordapp.com/avatars/155323155735511041/0627210f83a87a9b1c5d7ea8d8d33f6b.png?size=128,Gaw#0001,Europe & North Asia,,,carrot carrot carrot carrot carrot carrot carrot carrot carrot carrot carrot carrot carrot carrot carrot carrot carrot carrot carrot carrot carrot carrot carrot carrot carrot carrot carrot carrot carrot carrot carrot carrot carrot carrot carrot carrot carrot carrot carrot carrot carrot carrot carrot carrot carrot carrot carrot carrot carrot carrot carrot carrot carrot carrot carrot carrot carrot carrot carrot carrot carrot carrot carrot carrot carrot carrot carrot carrot carrot carrot carrot carrot carrot carrot carrot carrot carrot carrot carrot carrot carrot carrot carrot carrot carrot carrot carrot carrot carrot carrot carrot carrot carrot carrot carrot carrot carrot carrot carrot 
2020/11/13 10:17:34,,bobbincat,Europe & North Asia,,@_bobbincat,"Congratulations on 1,000,000!!! PekoPray"
2020/11/13 10:43:50,https://media.tenor.com/images/920fd5ab9f031af8c400b119150783ed/tenor.png,"Johnny,",Europe & North Asia,,,"Good job on getting 1 Million subscribers pekora 
I hope you get even more and rise higher and higher until you achieve world domination
konpeko konpeko "
2020/11/13 11:15:50,,Monoultra,South America,,,KONPEKO COMEDIAN RABBIT
2020/11/13 17:10:59,,gloomed,South East Asia,,gloomed1011,"„Å∫„Åì„Çâ„Å°„ÇÉ„ÇìÔºå„Åä„ÇÅ„Åß„Å®„ÅÜÔºÅÔºÅ
Thank you for always entertaining the nousagis! Reaching 1 million nousagis isn't easy, yet you made it. We're happy for you, Pekora-chan! From a shy rabbit to a crazy, psychotic rabbit, it sure is a long journey. „ÅÇ„Çä„Åå„Å®„ÅÜÔºå„Å∫„Åì„Çâ„Å°„ÇÉ„Çì !"
2020/11/13 17:51:31,,SantaKawai,South East Asia,,,Thankyou for a very happy day. Everyday is very very happy. #BanzaiPeko
2020/11/13 20:10:33,,,North America,,,Congratulations on 900k! You deserve each sub and are by far the most entertaining usagi I know. May you keep enjoying great success! Mucho amor from New York.
2020/11/13 20:19:04,https://cdn.discordapp.com/attachments/770271130664828949/777024355078504509/circle-cropped_6.png,Foxtailed,North America,,,Hello hello Pekora! Congrats on your hard work!! ÂÅâÂ§ß„Åï„Çí„ÇÇ„Å£„Å¶ÂâçÈÄ≤„Åó„Å™„Åï„ÅÑ!!!!
2020/11/13 21:34:54,https://i.imgur.com/3jBMro3.png,Creu,South East Asia,,,"Congrats on reaching 1 Mil, Pekora! Hope you're doing well. I'm glad that you were the first V-Tuber that got me to watch more V-Tubers. Unfortunately, I can't understand Japanese, but that's not going to stop me from watching your streams! You deserve everything you've built for everyone, the community surely appreciates what you do for us! Never ever change on who you are, we all love you!

Thank you Peko~

"
2020/11/13 21:42:09,https://static.wikia.nocookie.net/acecombat/images/0/08/Official_Galm_Team_Emblem.png/revision/latest?cb=20150725011822,.Del,South East Asia,,,Congrats for 1 million rabbits!
2020/11/14 0:48:42,,KERO,South East Asia,,,„Åä„ÇÅ„Åß„Å®„ÅÜ„Åî„Åñ„ÅÑ„Åæ„ÅôÔºÅ‰∏Ä‰∏á‰∫∫„ÅÆÁôªÈå≤„ÇíÈÅî„Åó„Åæ„Åó„ÅüÔºÅ„Åì„Çå„Åã„Çâ„ÇÇ‰∏ÄÁ∑í„Å´È†ëÂºµ„Çä„Åæ„Åô„Çà„ÅÜ„Å´„ÄÇ
2020/11/14 3:07:31,https://pbs.twimg.com/profile_images/1323560517739241473/h0pYXMfC_400x400.jpg,SwingSpringer,South East Asia,https://usada-kensetsu.herokuapp.com/,https://twitter.com/SwingSpringer,"1M„Çµ„Éñ„Åä„ÇÅ„Åß„Å®„ÅÜ„Åî„Åñ„ÅÑ„Åæ„Åô!!!
I always enjoy your content. Please don't stop making videos!"
2020/11/14 3:29:04,https://cdn.discordapp.com/attachments/723190910388797520/777126679536599050/IMG_20201113_125121.jpg,ScubaPasta,South East Asia,,@HHidoto,"H√°h√†h√°h√†h√°!! Hellow there Peko-san. Yoroshiku onegaishimasu, hajime mashite. I'm learning how to speak Japanese, and you're learning English... Pardun? Ahh- Congratulations!! Peko-senpai, I'm your fan from Malaysia!! Pekora-senpai, I hope you enjoy your streaming Minecraft!! Congrats for 1 Million subscribers!!! "
2020/11/14 6:00:04,https://i.imgur.com/nyvgfgc.jpeg,Ciruya,North America,,@MihokiDoki,Konpeko! „Åä„ÇÅ„Åß„Å®„ÅÜ Pekora-san! You became my favorite Vtuber and your streams have made me smile on days that nothing else could. I really relate to your shyness and overall I just love you and the entertainment you provide for us Nousagis. Being able to watch your streams live and without relying on subtitle is my main drive to improve my Japanese. Thank you so much for everything you do for the community and I am so excited to see you hit such a big milestone! I hope you take care of your health more than anything so that we can keep watching you for years to come. You're such an inspirational and amazing person and we all thank you Pekora-san~
2020/11/14 6:19:58,,BitterBlossom19,South East Asia,,,"Congrats on 900k subs, Peko! Thank you for all the laughs and memes and most importantly for the streams! Also, USADA Construction FTW!
"
2020/11/14 8:32:52,,Diegoso01,Central America,https://cdn.discordapp.com/attachments/517131966131470359/777205236468023306/PekoPerler.jpg,,"Congratulations on reaching this milestone! Pekora has become an inspiration to me and has always created entertaining content for everyone to enjoy, for that I am thankful. Thank you for working so hard to provide the streams we love so much! I look forward to more from you in the future and will continue to support you along with the other nousagis. "
2020/11/14 9:14:11,,,,,,"Pekora-sama! I love you so much! I always watch your streams even though i dont understand them but youre my favourite vtuber from hololive! Congratulations on 1 million subs, you definitely deserve it!"
2020/11/14 9:16:57,https://i.gyazo.com/2843f8df19eb2343e7b48dcd98353f41.png,Tony,Europe & North Asia,,pekoyoto,Congratulations on 1 million fans~!!! Thank you for all the entertaining streams. Good luck with your future streams and may your dreams come true! Nousagi loves you very much~!!! <3
2020/11/14 10:03:02,,Pejotagatari,South America,,@pejotagatari,"
Pekora-chan, hello from Brazil! You are the one who introduced me to the world of Hololive and I am very grateful to you for that! I love all of your content so much, you are my favorite vtuber and I hope you continue to be with the great job you always do! Arigato peko!"
2020/11/14 10:06:00,https://i.redd.it/zf6hdzviqw7x.jpg,DeBobbel,Europe & North Asia,https://www.reddit.com/r/Hololive/comments/jcwsqu/pekora_gaming/,,"We at BLU (Builders League United) would like to congratulate you on your 1M subscribers milestone! Keep building (questionable) contraptions and make us proud! 

ÁßÅ„Åü„Å°BLU(„Éì„É´„ÉÄ„Éº„Ç∫„É™„Éº„Ç∞„É¶„Éä„Ç§„ÉÜ„ÉÉ„Éâ)„ÅØ„ÄÅ„ÅÇ„Å™„Åü„ÅÆ1M„ÅÆË≥ºË™≠ËÄÖÊï∞„ÅÆÁØÄÁõÆ„ÇíÁ•ùÁ¶è„Åó„Åü„ÅÑ„Å®ÊÄù„ÅÑ„Åæ„Åô! „Åì„Çå„Åã„Çâ„ÇÇÔºàÁñë„Çè„Åó„ÅÑÔºâ„Ç≥„É≥„Éà„É©„Éó„Ç∑„Éß„É≥„Çí‰Ωú„ÇäÁ∂ö„Åë„Å¶„ÄÅÁßÅ„Åü„Å°„ÇíË™á„Çä„Å´ÊÄù„Å£„Å¶„Åè„Å†„Åï„ÅÑ!"
2020/11/14 11:00:22,,YammaYamer21,North America,,,Pekora daisuki!
2020/11/14 14:52:33,,ImmaJellal,Europe & North Asia,,,"Sasuga Crazy Rabbit!

‰∫åÂçÅ‰∫åÂçÅ‰∏ÄÂπ¥„Å´Âêë„Åë„Å¶È†ëÂºµ„Çå"
2020/11/14 15:47:53,,Izaya's Hub,Europe & North Asia,,@infiniteizaya,"Thank you for every stream that you've done! You're one of the main reasons why I got into Hololive and without your hilarious personality and 10/10 laugh, I wouldn't be here supporting all the Holomem! Keep healthy, keep happy & I hope you keep loving providing us with entertainment! ARIPEKO! PEKO PEKO PEKO"
2020/11/14 17:10:38,,,North America,,,Congratulations Pekora! Wishing you all the best from Canada. <3
2020/11/14 17:10:50,,MyntheRagnos„Éü„É≥„Çπ„É©„Ç∞„Éé„Çπ,East Asia,,,"„Åä„ÇÅ„Åß„Å®„ÅÜ„Åî„Åñ„ÅÑ„Åæ„Åô!!! „ÅÑ„Å§„ÇÇÊ•Ω„Åó„ÅÑÈÖç‰ø°„ÅÇ„Çä„Åå„Å®„ÅÜ„Åî„Åñ„ÅÑ„Åæ„Åô!! „Éõ„É≠„É©„Ç§„Éñ„Å´„Éè„Éû„Å£„Åü„ÅÆ„ÇÇ„Éö„Ç≥„É©ÈÖç‰ø°„ÇíË¶ã„Å¶„Åã„Çâ„Åß„Åô!!
Thank you always for being the amazing, natural-born comedian that you are! You're the one that kept me coming back for more after my original introduction to Hololive!"
2020/11/14 23:04:10,,Rasehum,South East Asia,,,Congratulations pekora! You have done a good job and I hope you have a nice day! „Åä„ÇÅ„Åµ„Åá„Å®„Åµ„ÅÉ„Åñ„ÅÑ„Åæ„Å•
2020/11/14 23:16:33,,,South East Asia,,,"Hi Pekora. before i know you, i literally dont know about vtuber and hololive. but one day, my friend suggest me to watch hololive and the first video i encountered is you playing Minecraft. i fell in love with you and your character. congratulations on reaching 1 million. All nousagis might bully you sometime and say something mean, but believe me we truly love you from our heart. not just you as a character 'pekora' but as the person behind character 'pekora' itself. We all the nousagi will always support you‚ù§Ô∏è."
2020/11/15 0:50:51,https://imgur.com/Yy4UvwK,Irisu0227,South East Asia,,,"Konpeko konpeko~ Congrats on 1 million subs Pekora! I have been in the hololive rabbit hole for several months and i'm not regretting it. It's been a roller coaster journey for all your laughs, chaos and collabs with other idols. I still remember those early vids in where you were really shy in towards with other senpais like that pekomiko first meetup video in minecraft collab and you slowly work your way to improve your character and alot of it has changed. You have been the craziest rabbit with full of energy, making everyone happy and uplift the moods of other idols in the collabs. Thank you Peko and have fun doing what you love for the viewers!"
2020/11/15 2:05:20,https://cdn.discordapp.com/attachments/698927896701567029/777473549798604810/Momiji.png,Nitsuppi,Europe & North Asia,,@Nitsuppi,Merry Christmas
2020/11/15 2:11:29,,,Europe & North Asia,,,"Êú¨ÂΩì„Å´„Åä„ÇÅ„Åß„Å®„ÅÜ„Åî„Åñ„ÅÑ„Åæ„ÅôÔºÅÂÉï„ÅØ„Éõ„É≠„É©„Ç§„Éñ„ÅÆÁ©¥„Å´„Å∫„Åì„Çâ„Å´Âºï„Å£Âºµ„Çâ„Çå„Åæ„Åó„Åü„ÅÆ„ÅßÊÑüË¨ù„Åó„Å¶„ÅÑ„Åæ„Åô„ÄÇ

„Ç§„Çø„É™„Ç¢„Åã„ÇâÂøúÊè¥„Åó„Å¶„ÅÑ„Åæ„Åô, cento di questi giorni!"
2020/11/15 2:29:21,,RoflWaffles,Oceania,,,100‰∏á„Åä„ÇÅ„Åß„Å®„ÅÜ„Åî„Åñ„ÅÑ„Åæ„ÅôÔºÅÊ•Ω„Åó„ÅÑÈÖç‰ø°„Çí„ÅÑ„Å§„ÇÇ„Åó„Å¶„ÅÑ„Å¶„Åè„Çå„Å¶„ÅÇ„Çä„Åå„Å®„ÅÜ„Åî„Åñ„ÅÑ„Åæ„ÅôÔºÅ„Åì„Çå„Åã„Çâ„ÇÇÂøúÊè¥„Åó„Å¶„ÅÑ„Åæ„Åô„ÇàÔºÅ„Å∫„Åì‚Üë„Å∫„Åì‚Üì„Å∫„Åì‚ÜëÔºÅ
2020/11/15 2:37:07,https://cdn.discordapp.com/attachments/698132350067802152/773124613717884958/icon.png,builder monke chief,South East Asia,,,"pekora conmgrat very good achievement, we very like pekora minecraft building, pekora rabit but build good like monke, monke like"
2020/11/15 5:23:54,https://cdn.discordapp.com/avatars/718439820778799156/4383647f0682794e6c7f38aa8693b03e.jpg?size=1024,pekopekoguy,South East Asia,,,"Konpeko Pekora! Omedetou for reaching 1 million subscribers peko! It's been a year since i started watching you peko, I can't believe you will reach this milestone! Congratulations peko! We're so proud of you peko! I wish you luck peko!"
2020/11/15 5:32:48,,,,,,Congratulations for reaching 1M peko! Thank you for all the fun times and laugh you've brought for us.
2020/11/15 8:17:57,https://pbs.twimg.com/profile_images/1296104782302568453/fccqyYBp_400x400.jpg,Peanuts,North America,https://pbs.twimg.com/media/Em4FS59VgAEgvba?format=jpg&name=900x900,https://twitter.com/PistachiosChips,"I've watched you since you've reached 400k subscribers, and I'm so glad that you're are still growing! Your almost reaching 1 Million subscribers and you should be glad about that. You've been very entertaining until now, working hard, making your viewers/fans laugh. Keep giving your all! Okay? üíô "
2020/11/15 9:22:16,,Franck,South America,,,"Hello Pekora, congratulations on the million subscribers.
It may sound generic but you seriously gave me many smiles, despite how little I understand Japanese, I watch your streams and I see the clips subtitled by the community because you really make my day. I hope you continue to grow and give us your beautiful laugh."
2020/11/15 14:02:59,,Malak,North America,,,Ê©üÊ¢∞ÁøªË®≥„ÅßÁî≥„ÅóË®≥„ÅÇ„Çä„Åæ„Åõ„Çì„ÄÇË≥ºË™≠ËÄÖÊï∞100‰∏á‰∫∫ÈÅîÊàê„Åä„ÇÅ„Åß„Å®„ÅÜ„Åî„Åñ„ÅÑ„Åæ„Åô„ÄÇ„ÅÇ„Å™„Åü„Åå‰∏ÄÁîüÊá∏ÂëΩÂÉç„ÅÑ„Å¶„Åè„Çå„Åü„Åì„Å®„ÇíÁü•„Å£„Å¶„ÅÑ„Åæ„Åô„ÄÇ„ÅÇ„Å™„Åü„ÅØ„Å®„Å¶„ÇÇÊâçËÉΩ„Åå„ÅÇ„Çä„Åæ„Åô„ÄÇÁßÅ„ÅåÊó•Êú¨Ë™û„ÇíÁü•„Çâ„Å™„Åè„Å¶„ÇÇ„ÄÅ„ÅÇ„Å™„Åü„ÅØ„ÅÑ„Å§„ÇÇÁßÅ„ÇíÁ¨ëÈ°î„Å´„Åó„Å¶„Åè„Çå„Åæ„Åô„ÄÇÁßÅ„ÅØ„ÅÇ„Å™„Åü„ÅÆÊ≠å„ÅåÂ§ßÂ•Ω„Åç„Åß„ÄÅ„Ç´„É≥„Éà„É™„Éº„Éª„É≠„Éº„Éâ„Çπ„ÇíÊ≠å„Å£„Å¶„ÅÑ„Çã„ÇØ„É™„ÉÉ„Éó„ÇíË¶ã„Åæ„Åó„Åü„Åå„ÄÅ„Å®„Å¶„ÇÇÊ∞ó„Å´ÂÖ•„Çä„Åæ„Åó„Åü„ÄÇ„ÅÇ„Å™„Åü„ÅØÁßÅ„ÅÆÂ§ßÂ•Ω„Åç„Å™„Ç¢„Ç§„Éâ„É´„Åß„Åô„ÄÇ„ÅÇ„Å™„Åü„ÅÆËã±Ë™û„Åå‰∏äÈÅî„Åó„Å¶„ÅÑ„ÇãÂßø„ÇíË¶ã„Å¶„ÄÅÁßÅ„ÇÇÊñ∞„Åó„ÅÑË®ÄË™û„ÇíÂãâÂº∑„Åó„Çà„ÅÜ„Å®ÊÄù„ÅÑ„Åæ„Åó„Åü„ÄÇ„ÅÇ„Çä„Åå„Å®„ÅÜ„Åî„Åñ„ÅÑ„Åæ„Åô„ÄÇÁßÅ„ÅØ„ÅÑ„Å§„Åæ„Åß„ÇÇ„Åä„ÅÜ„Åï„Åé„Åß„ÅÑ„Å¶„ÄÅ‰Ωï„Çí„Åô„Çã„Å´„Åó„Å¶„ÇÇÂøúÊè¥„Åó„Åæ„Åô„ÄÇ
2020/11/15 16:08:28,https://imgur.com/a/uwvcsID,yosh,North America,,,„Éö„Ç≥„Éö„Ç≥ÂÖàËº©ÁôªÈå≤ËÄÖÊï∞ÔºëÔºêÔºê‰∏á‰∫∫„Åä„ÇÅ„Åß„Å®„ÅÜ„Åî„Åñ„ÅÑ„Åæ„ÅôÔΩû
2020/11/15 18:07:12,,dpisdaniel,West Asia,,https://twitter.com/dpisdaniel,"„Åì„Çì„Å∫„ÅìÔΩû„ÄÅ„Å∫„Åì„Çâ„Å°„ÇÉ„ÇìÔºÅ
„ÅÑ„Å§„ÇÇÁ¨ëÈ°î„Å´„Åó„Å¶„Åè„Çå„Å¶„ÅÇ„Çä„Åå„Å®„ÅÜ„Åî„Åñ„ÅÑ„Åæ„ÅôÔºÅ
ÔºëÔºêÔºê‰∏á‰∫∫ÁôªÈå≤ËÄÖÁ™ÅÁ†¥„Åä„ÇÅ„Åß„Å®„ÅÜ„Åî„Åñ„ÅÑ„Åæ„ÅôÔºÅÔºÅÔºÅ
„Åì„Çå„Åã„Çâ„ÇÇ„Å∫„Åì„Çâ„Å°„ÇÉ„Çì„ÅåËá™ÂàÜ„Çâ„Åó„ÅèÂÖÉÊ∞ó„ÅßË≥ë„ÇÑ„Åã„Åß„ÅÑ„Å¶„Åè„Çå„Åü„ÇâÂ¨â„Åó„ÅÑ„Å®ÊÄù„ÅÑ„Åæ„Åô„ÄÇ
„Åö„Å£„Å®ÂøúÊè¥„Åó„Åæ„Åô„ÄÇ„Å∫„Åì„Çâ„Å°„ÇÉ„Çì„Åå„ÅÑ„Å¶„Åè„Çå„Å¶‰ΩïÂ∫¶„ÇÇÊïë„Çè„Çå„Åæ„Åó„Åü„ÄÇ
„ÅÇ„Çä„Åå„Å®„ÅÜ„Åî„Åñ„ÅÑ„Åæ„Åô„ÄÇÂ§ßÂ•Ω„Åç„Éö„Åì„ÄÇ"
2020/11/15 18:12:22,,fawx317,South East Asia,,,„Å∫„Åì„Çâ„Å°„ÇÉ„ÇìÔºëÔºêÔºê‰∏á‰∫∫„Åä„ÇÅ„Åß„Å®„ÅÜ„Å∫„ÅìÔºÅÔºÅÊØéÊó•‰ªï‰∫ãÂæå„Å∫„Åì„Çâ„Å°„ÇÉ„Çì„ÅÆ„ÅÆÈÖç‰ø°„ÇíË¶ã„Å´Ê•Ω„Åó„Åã„Å£„ÅüÔºÅÔºÅÊú¨ÂΩì„Å´ÊÑüË¨ù„Åô„Çã„Å∫„ÅìÔºÅÔºíÔºêÔºê„ÄÅ„ÅÑ„Åà„ÄÅ‰ΩïÁôæ‰∏á„ÇÇÂøúÊè¥„Åô„Çã„Å∫„ÅìÔºÅ
2020/11/16 7:33:35,https://i.imgur.com/TGaUIME.png,Skysagi,South America,,https://twitter.com/Skysagi,"I'm very happy to see the greatest rabbit finally reaching 1M subscribers on YouTube! Usada Pekora has always been my favorite VTuber to watch and always did her best to get closer to her community, with her amazing personality and fun moments on streams. Congratulations!!!"
2020/11/16 14:48:44,https://yt3.ggpht.com/a/AATXAJwDk-dQsNpYiKpTlFCnXywGIlyh-UFMUOCiZhRq=s88-c-k-c0x00ffffff-no-rj,Neko Mikuri ÂØùËæº„Åø„Åè„Çä,Central Asia,,,„Ç¢„Éº„É¢„É≥„Éâ„ÄÅ„Ç¢„Éº„É¢„É≥„ÉâÔºÅ100‰∏á‰∫∫Á™ÅÁ†¥„Åä„ÇÅ„Åß„Å®„ÅÜ„Åî„Åñ„ÅÑ„Åæ„Åô„Å∫„Åì„ÅâÔºÅÁßÅ„ÅÆ‰∫∫Áîü„ÇíÂ§ß„Åç„ÅèÂ§â„Åà„Å¶„ÄÅ„Éõ„É≠„É©„Ç§„Éñ„ÇíÁ¥π‰ªã„Åó„Å¶„Åè„Å†„Åï„ÅÑ„Åæ„Åó„ÅüÔºÅ„Å∫„Åì„Çâ„Åï„Çì„ÅÆÂÑ™„Çå„ÅüÂÉç„Åç„ÅÆ„Åô„Åπ„Å¶„Å´ÊÑüË¨ù„Åó„Åæ„Åô„ÄÇ
2020/11/16 18:24:09,,Darkangel X,South East Asia,,,Congratulations on reaching 1 Million Subscribers. Thank you very much for your fun streams and I will always support you. You're the best thing that happened to me this trying time. I really admire you for your braveness in reaching out to others when you're very shy and because of you I got more confident in my self to reach out to others. I'm really happy for you and keep being yourself it is so much fun to see you stream.
2020/11/16 19:38:53,,Fuzzy,North America,,,Congratulations on 1 million Peko!!!! You're the best!!!! 
2020/11/17 1:21:27,https://pbs.twimg.com/profile_images/1318118804967227392/3Q0GgrHY_400x400.jpg,printerDesuuu Crozisvas,East Asia,,https://twitter.com/manaDesuX,"ÔºëÔºêÔºê‰∏á‰∫∫„Åä„ÇÅ„Åß„Å®„ÅÜÔºÅÔºÅÔºÅÔºòÔºòÔºòÔºòÔºòÔºòÔºòÔºòÔºòÔºò„ÄÅ„Åì„ÅÆÂ§ß„Åç„Å™„ÅäÁ•ù„ÅÑ„ÅÆ„Åü„ÇÅ„Å´Êú¨ÂΩì„Å´Âπ∏„Åõ„Åß„Åô„ÄÇ
I will always support you no matter what happens as you already become a part of my daily life.
Just be yourself and do what you enjoy the most as we also love it.
Again, Congratulations.
Â§ßÂ•Ω„Åç„Éº„Éº„Éº„Éº„Éº„ÉºÔºÅÔºÅ"
2020/11/17 2:39:19,,,Oceania,,,"almond almond, Congraulations on the huge acheivement of 1 million nousagis boss!!~~, even though i have not been in the rabbit hole for long (approximately 2 months) i was fortunate enough to witness the recent channel growth towards this monumental milestone. Pekora was the vtuber who i had first experienced through a recommended youtube clip of pekora dropping the netherite sword in lava and from then on i've always looked forward to the nightime when pekora delivers the daily stream because of (Commedian) Sasuga usagi and her combo laugh. However, 1 million nousagi is not the end so i am very eager to accompany the channel to the future! congratulations again peko~~"
2020/11/17 6:57:36,https://media.discordapp.net/attachments/623386206268424192/778272500156072026/avatar-744227.jpg,HoneyRoo,South East Asia,,,"Congratulation for 1 million subscribers Peko!! Thank you for continuous entertaining you provided throughout the years. You are my favorite member in Hololive. I wish you all the happiness and hope you'll continue to be Pekora and most importantly, stay healthy and have fun everyday!"
2020/11/17 8:48:40,,kelinci liar,South East Asia,,,Congrats 900k subs pekora!!!
2020/11/17 12:35:02,,Kurori,Europe & North Asia,,,100‰∏á‰∫∫„Åä„ÇÅ„Å∫„ÅìÔΩûÔºÅ  ÂÖéÁî∞Âª∫Ë®≠„ÅÆÁõä„ÄÖ„ÅÆ„ÅîÁô∫Â±ï„Çí„ÅäÁ•à„ÇäÁî≥„Åó‰∏ä„Åí„Åæ„Åô 
2020/11/17 14:24:24,https://pbs.twimg.com/profile_images/1254987849734041600/9VPedZAW.png,„Äå„Ç¶„Çµ„ÇÆ„Å®„Ç´„É°„Äç„ÅÆ„Ç´„É°,East Asia,,@pessikame4523,"„ÉÅ„É£„É≥„Éç„É´ÁôªÈå≤100‰∏á‰∫∫Á™ÅÁ†¥„Åä„ÇÅ„Å∫„ÅìÔºÅÔºÅ
ÂàùÈÖç‰ø°„ÇíË¶ã„Å¶„ÅÑ„ÅüÊôÇ„ÅØÊ≠£Áõ¥„Åì„Åì„Åæ„ÅßÊù•„Çã„Å™„Çì„Å¶ÊÄù„Å£„Å¶„ÇÇ„ÅÑ„Åæ„Åõ„Çì„Åß„Åó„Åü„ÄÇ„Åù„Çå„Åß„ÇÇ„Å©„ÅÜ„Åó„Åü„ÇâÈÖç‰ø°„ÅåÈù¢ÁôΩ„Åè„Å™„Çã„Åã„ÄÅÊ•Ω„Åó„Çì„Åß„ÇÇ„Çâ„Åà„Çã„ÅãËÄÉ„Åà„Å™„Åå„ÇâÂú∞ÈÅì„Å´È†ëÂºµ„Å£„Å¶„Åç„Åü„Å∫„Åì„Éº„Çâ„ÅåÂ§ö„Åè„ÅÆ‰∫∫„Å´Ë™ç„ÇÅ„Çâ„Çå„Å¶Êú¨ÂΩì„Å´Â¨â„Åó„ÅÑ„Åß„Åô„ÄÇ
„Å∫„Åì„Éº„Çâ„ÅÆÁ¨ë„ÅÑÂ£∞„ÄÅ„Éó„É≠„É¨„Çπ„ÄÅÈ†ëÂºµ„ÇãÂßø„Å´„ÅÑ„Å§„ÇÇÂÖÉÊ∞ó„Çí„ÇÇ„Çâ„Å£„Å¶„ÅÑ„Åæ„Åô„ÄÇ
„Éö„Åì„Éº„Çâ„ÇÇË®Ä„Å£„Å¶„ÅÑ„Åü„Åë„Å©100‰∏á‰∫∫„ÅØ„Ç¥„Éº„É´„Åò„ÇÉ„Å™„ÅÑ„ÄÇ„Åæ„Å†„Åæ„Å†ÈÄ≤„ÇÄ„Åú„Å∫„Åì„Çâ„Çπ„Éà„Éº„É™„ÉºÔºÅÔºÅ
„Åö„Å£„Å®„Åö„Å£„Å®ÂøúÊè¥„Åó„Å¶„ÇãÔºÅÔºÅÂ§ßÂ•Ω„Åç„Å∫„ÅìÔºÅÔºÅ"
2020/11/17 15:49:02,,„Åç„ÇÖÔΩû,East Asia,,,"„Å∫„Åì„Å°„ÇÉ„ÇìÔºÅÁôªÈå≤ËÄÖÊï∞ÔºëÔºêÔºê‰∏á„Åä„ÇÅ„Å∫„Åì„Å°„ÇÉ„ÇìÔºÅÔºÅÔºÅ„Å©„Åì„Åæ„Åß„ÇÇÁùÄ„ÅÑ„Å¶„ÅÑ„Åè„Å∫„Åì„ÇàÔºÅ
Pekora! Congratulations to one million subscribers! I'll follow you everywhere!"
2020/11/17 15:57:02,,Nelummea,Europe & North Asia,,nelummea,"Congratulations on your 1m subscriber count, Pekora! You've come a long way... keep going forwards!! Love ya~"
2020/11/17 16:55:06,https://pbs.twimg.com/profile_images/1306801139510202369/u6FhYC9z_400x400.jpg,leyii,North America,https://twitter.com/asdasdfsdafffff/status/1295908715195842560?s=20,https://twitter.com/asdasdfsdafffff,"Congratulations on 1 million subs peko!!!!!!!!!!!!!!! Although I don't understand Japanese, I always tune in to your livestreams and enjoy every second of every one of them :)))))))) I wish you the best in your future endeavors peko!"
2020/11/17 16:57:43,https://t.co/FhAlbgXFQz,„Åä„Çå„ÅÆ„Éê„Éä„Éä,East Asia,,@orenobanana_,Èï∑ÔºÅÔºÅÁôªÈå≤ËÄÖÊï∞100‰∏á‰∫∫ÈÅîÊàê„Åä„ÇÅ„Å∫„Åì„Åâ„Åâ„Åâ„Åä„Åâ„Åâ„ÅâÔºÅÔºÅÔºÅÈï∑„ÅÆÂ§¢„Åå„Åß„Å£„Åã„ÅèÂè∂„ÅÑ„Åæ„Åó„ÅüÔºÅÔºÅ„Åì„Çå„Åã„Çâ„ÇÇ„Åö„Å£„Å®„Åö„Å£„Å®‰∏ñÁïå‰∏ÄÂèØÊÑõ„ÅÑÈï∑„ÇíÂøúÊè¥„Åó„Å¶„ÅÑ„Åç„Åæ„ÅôÔºÅÔºÅÈï∑ÔºÅÔºÅÊÑõ„Åó„Å¶„Çã„Éº„Éº„Éº„ÉºÔºÅÔºÅÔºÅÔºÅ
2020/11/17 21:39:31,,8823,,,,"„Éü„É™„Ç™„É≥ÈÅîÊàê„Åä„ÇÅ„Åß„Å®„ÅÜü•≥
ÂèØÊÑõ„Åè„Å¶„ÄÅÂèØÁ¨ë„Åó„Åè„Å¶„ÄÅÂâçÂêë„Åç„Å™„Å∫„Åì„Çâ„Åï„Çì„Å´Ëá™ÂàÜ„Åß„ÇÇÈ©ö„Åè„Åè„Çâ„ÅÑÂÖÉÊ∞ó„ÇíË≤∞„Å£„Å¶„Åæ„Åô„ÄÇÊú¨ÂΩì„Å´„ÅÇ„Çä„Åå„Å®„ÅÜ„ÄÇ‰∫∫Ê∞óËÄÖ„Å´„Å™„Çå„Å∞„Å™„Çã„Åª„Å©„ÄÅÁêÜ‰∏çÂ∞Ω„Å™„Åì„Å®„Å´Áõ¥Èù¢„Åô„ÇãÂ†¥Èù¢„ÇÇÂ§ö„Åè„Å™„Çã„ÅÆ„Åã„ÇÇ„Åó„Çå„Åæ„Åõ„Çì„ÄÇÂ§ßÂ§â„Å™„Åì„Å®„ÅØÂ§ö„ÄÖ„ÅÇ„Çã„Åã„Å®ÊÄù„ÅÑ„Åæ„Åô„Åå„ÄÅ„Å∫„Åì„Çâ„Åï„Çì„ÅåÊï∞„Åà„Åç„Çå„Å™„ÅÑ„Åª„Å©„Åü„Åè„Åï„Çì„ÅÆ‰∫∫„Å´ÊÑõ„Åï„Çå„Å¶„ÅÑ„Çã„Åì„Å®„ÇÇ„Åæ„ÅüÁµ∂ÂØæ„Å´Êè∫„Çã„Åå„Å™„ÅÑ‰∫ãÂÆü„Åß„Åô„ÄÇ„Åì„Çå„Åã„Çâ„ÇÇ„Åö„Å£„Å®„Åö„Å£„Å®ÂøúÊè¥„Åï„Åõ„Å¶„Åè„Å†„Åï„ÅÑ„ÄÇ‰ªäÂæå‰∏ÄÂ±§„ÅÆ„ÅîÊ¥ªË∫ç„Çí„ÅäÁ•à„Çä„Åó„Å¶„Åä„Çä„Åæ„Åô„ÄÇ"
2020/11/18 0:28:26,,Kazuya Krix,South East Asia,,,"Congratulations on getting 1 million subscribers peko!  Always loved watching your live streams and most of all, love your laughter!"
2020/11/18 1:06:35,https://dotup.org/uploda/dotup.org2311257.jpg_6Uu04JI608QvQFhpNf5y/dotup.org2311257.jpg,„Å®„Çâ„Å£„Å¥„Äú,East Asia,,@toratupi_peko,"„Å∫„Åì„Éº„ÇâÁôªÈå≤ËÄÖÊï∞100‰∏á„Å´„ÇìÔºÅÔºÅÔºÅ
„Åª„Çì„Å®„ÅÜ„Å´„Åä„ÇÅ„Å∫„Åì„Äúüéâüéâüéâü•≥ü•≥ü•≥
„Åì„Çì„Å™„Å´Êé®„Åó„ÅåÊúâÂêç„Å™„Çì„Å¶„Åì„Å£„Å°„ÇÇÈºª„ÅåÈ´ò„ÅÑ„Å∫„ÅìÔºÅÔºÅÔºÅ
„Åì„Çå„Åã„Çâ„ÇÇÁ∂ö„Åè„Å∫„Åì„Çâ„Çπ„Éà„Éº„É™„ÉºÔºÅ
„Åö„Å£„Å®ÂøúÊè¥„ÅóÁ∂ö„Åë„Çã„Å∫„Åì„Å†„Çà„Äú!"
2020/11/18 1:35:25,https://lh3.googleusercontent.com/--FMbZrm7s9E/XurPEo4Au1I/AAAAAAAAAGM/EAEEnv7IE38-Pq2ELjs4uyHtsd5Y2JnEQCEwYBhgLKtQDAL1Ocqytwipuc1LvbEkyNBNH8A3MCB_9ZZDZfxoHVEVwP3NRxfIwH08tJ4tdju7PX0FvaipRdzm_KAfrTWeTnOegtN97bykqc4_P_C5Yy_ZlP7xXRq2R-qMcwObWuXJGa6-dtbjftsI-yVJ4lLX7cgvfFbBX-MkMN__GEWslOK8thgxbPT1vz3MqqIL4YYoCZL0StO1bTJf-xFf6460kTeEynQPDAmPbrJkSQUJUx0ED37Ui8tAIIL9MtZ4MIXyfn2zWcYoozDwQV6FmTv_z-DJi2mzwiBqw7JatqUmWYLmlX2EyDiwz773E11yv3lg99D5MIYfRZpi6BFX6WoqFu9op0bPlcPAXvS_Vep6ps7ubgPRR_iSVLxPl1-e1tO5XzIx1bCGo4ldmjjgcpvMLN-u0n18UVG4szvsxMz_D6CDi3CJy2LYrfKvBtYuA31iPln2ZKgIPSmFf8HgJteu3ie-zfh9SA8PnWGuJESeVkgQ0QYkuC9O7eplP7WoMwvr9syK4wPMNzo_JYgcYZcSqbiwN9W0U-veXDnp4DBT5q8RcUoL1-m8sekvPae7UvYfbrZoCHaW8LaXDaAa6LT1Tu_BG0vGKQ_FJWEUcRXK0X6Dd094iMLKs0v0F/w139-h140-p/Pekora_glasses.jpg,Darryl Smith,North America,,,congratulations Pekooo 1M subs !!!! I'm so happy to join the Usada Familia and being apart of Pekora story! as you know its been a rough time for everyone and you really help me get through it all! Pekora never fails to give me a smile or laugh whenever I'm watching your streams i can feel how much fun your having and how dedicated you are to not only your fans but your fellow idols as well!!its a positive and wholesome energy that transcends any language barrier and I'm  happy to join this wild ride as a Nousagi with you. lets aim even higher we can do it you have all of our support!
2020/11/18 3:13:27,,TheMaskedMan27,South East Asia,,,"Congratulation Pekora!!!

I hope you shared the celebration with your parents (as you have said if you reach 1m Subscribers) and with your friends. Hope to see it soon the update of that peko.

GLORY TO PEKORA AND HOLOLIVE!!   HA‚ÜñHA‚ÜëHA‚ÜìHA‚ÜóHA‚ÜôHA‚Üò"
2020/11/18 7:03:34,,lolmyname,South East Asia,,@zeverusg,"Congratulations, peko! 
Hope Shachou always gives her best and receive her best! Ganbatte-kudasai!!!"
2020/11/18 10:17:24,,Franklinc999,North America,,@lamyiskawaii,Thank you for introducing me to Hololive and giving me so many fond memories. You‚Äôve worked so hard for 1 million subscribers and you deserve it so much. Congratulations Pekora! Hopefully we can make more memories together as you continue to grow! 
2020/11/18 16:54:32,,,East Asia,https://twitter.com/DwagonSa/status/1321673382522318848/photo/1, @DwagonSa ,"Hello there!!! I feel blessed and proud for one of my favourite vtubers to hit the 1 million milestone in this year, words may not express how I feel now, but I'll try my best to do so. 2020 may have been a hell of a year, but it is you who have bought me, blessed me and entertained me from the void of emptiness, I don't feel that much of a pathetic loser anymore, thanks to you. I remember when I first watched one of your streams, it was at the first 2 months of 2020. Your channel may not be as big as it is now, but what has caught my attention is not about the subscriber count nor the likes, it's your laughter, your cute, pure, joyful, laughter. The laughter of yours is like a work of art, everyday I listen to your laughter I feel more blessed, feels like I'm on cloud nine. It has been a long way since you started your career at Holo-live, honestly it has also been a fun ride, I hope the cute rabbit that I love so much will do even better and better. I would like to congratulate you on hitting the 1 million milestone, it is such a wonderful accomplishment, honestly. "
2020/11/18 18:53:41,,hunterdot,Europe & North Asia,,,Hi Pekora - Thanks for being amazing. Your unique personality has inspired me personally and I wish you all the success in the future. Congrats on 1 million subscribers xxx
2020/11/18 20:08:14,,Summer Solstice,East Asia,,@lucielwhite,"Yahoo~ Congratulations on reaching the Million mark!!!! Can you believe it? A million subscribers! There's so many of us Nousagi now, and as the leader (?), You have to take responsibility okay?. It's all because of your personality that always brightens my mood, your laugh that's so unique it never fails to bring a smile on my face, your brain washing BGM that lifts my mood and never and is impossible to forget, whatever it is you're doing is so much fun to watch, whether you succeed or fails miserably. There's also other reasons but I'll just say this now, I love you pekora ‚ù§Ô∏è, once again congratulations on a million subscribers!!! Peko~peko~peko~peko!"
2020/11/19 4:44:46,,Purpose,South East Asia,,https://twitter.com/Sam9094911,"„Éö„Åì„Çâ„Åï„ÇìÔºÅ‰∏ÄÁôæ‰∏á‰∫∫„Åä„ÇÅ„Åß„Å®„ÅÜÔºÅÔºÅ
„ÅÑ„Å§„ÇÇÈ†ëÂºµ„Å£„Å¶„ÅÇ„Çä„Åå„Å®„ÅÜ„Åî„Åñ„ÅÑ„Åæ„ÅôÔºÅ
your stream always makes me happy and has been keeping me cheerful for the past 6 months!!!I will always support you from the bottom of my heart.
I hope you can stay as everyone's comedian rabbit and be happy and cheerful like always forever!!!
I may be busy to catch your stream at times but i will always be cheering for you from the sidelines!!
next milestone:10 million subscribers lets go!!!
Â§ßÂ•Ω„Åç„Å∫„ÅìÔºÅÔºÅ
"
2020/11/19 5:02:20,,,North America,,,„Åä„ÅÑ!!!!  „Éö„Ç≥„É©!!!!  1M„Çµ„Éñ„Åä„ÇÅ„Åß„Å®„ÅÜ„Åî„Åñ„ÅÑ„Åæ„Åô!  „ÅäÁñ≤„ÇåÊßò„Åß„Åô„ÄÇ „ÅÑ„Å§„ÇÇÈù¢ÁôΩ„ÅÑÂãïÁîª„Çí„ÅÇ„Çä„Åå„Å®„ÅÜ„Åî„Åñ„ÅÑ„Åæ„ÅôÔºÅ„Åì„Çå„Åã„Çâ„ÇÇÊ•Ω„Åó„Çì„ÅßÂãïÁîª„Çí‰Ωú„Å£„Å¶„Åè„Å†„Åï„ÅÑ„Å≠
2020/11/19 19:02:28,,,North America,,,"Congratulations!

 I knew you would reach 1 million, and I told them all you would be the face of vtubing worldwide and I believe it to be so. Things may have been rough recently and may be so in the future but remember that you are worthy of being the best and are loved just as much. Thanks for inspiring me and the Nousagi, you inspired me to want to become a vtuber. Your talent never ceases to show something new. It‚Äôs a joy for us all just to watch you have fun and grow. Please never stop. I knew from the first moment I saw your clips you were a real talent, and it didn‚Äôt take me long to figure out you could be the best.

 With Love 
from just another Nousagi.

„Åä„ÇÅ„Åß„Å®„ÅÜ„Åî„Åñ„ÅÑ„Åæ„Åô„ÄÇ

  ÁßÅ„ÅØ„ÅÇ„Å™„Åü„Åå100‰∏á‰∫∫„ÅÆË≥ºË™≠ËÄÖ„Å´Âà∞ÈÅî„Åô„Çã„Åì„Å®„ÇíÁü•„Å£„Å¶„ÅÑ„Åü„Åó„ÄÅ„ÅÇ„Å™„Åü„Åå‰∏ñÁïå‰∏≠„ÅÆV„ÉÅ„É•„Éº„Éì„É≥„Ç∞„ÅÆÈ°î„Å´„Å™„Çã„Å†„Çç„ÅÜ„Å®ÂΩº„Çâ„Å´Ë©±„Åó„Åü„Åó„ÄÅÁßÅ„ÅØ„Åù„ÅÜ‰ø°„Åò„Å¶„ÅÑ„Çã„ÄÇÁâ©‰∫ã„ÅØÊúÄËøëËçí„Çå„Å¶„ÅÑ„Çã„Åã„ÇÇ„Åó„Çå„Å™„ÅÑ„Åó„ÄÅ‰ªäÂæå„ÇÇ„Åù„ÅÜ„Å™„Çã„Åã„ÇÇ„Åó„Çå„Å™„ÅÑ„Åë„Å©„ÄÅ„ÅÇ„Å™„Åü„ÅØÊúÄÈ´ò„ÅÆÂ≠òÂú®„Å´„Åµ„Åï„Çè„Åó„ÅÑÂ≠òÂú®„Åß„ÅÇ„Çä„ÄÅÂêå„Åò„Åè„Çâ„ÅÑÊÑõ„Åï„Çå„Å¶„ÅÑ„Çã„Å®„ÅÑ„ÅÜ„Åì„Å®„ÇíÂøò„Çå„Å™„ÅÑ„Åß„Åè„Å†„Åï„ÅÑ„ÄÇÁßÅ„Å®ÈáéÁîü„ÅÆ„Ç¶„Çµ„ÇÆ„ÇíÈºìËàû„Åó„Å¶„Åè„Çå„Å¶„ÅÇ„Çä„Åå„Å®„ÅÜ„ÄÅ„ÅÇ„Å™„Åü„ÅØÁßÅ„Ååvtuber„Å´„Å™„Çä„Åü„ÅÑ„Å®ÊÄù„ÅÜ„Åç„Å£„Åã„Åë„Çí‰∏é„Åà„Å¶„Åè„Çå„Åæ„Åó„Åü„ÄÇ„ÅÇ„Å™„Åü„ÅÆÊâçËÉΩ„ÅØÂ∏∏„Å´Êñ∞„Åó„ÅÑ„ÇÇ„ÅÆ„ÇíË¶ã„Åõ„Å¶„Åè„Çå„Åæ„Åô„ÄÇ„ÅÇ„Å™„Åü„ÅåÊ•Ω„Åó„ÅèÊàêÈï∑„Åó„Å¶„ÅÑ„ÅèÂßø„ÇíË¶ã„Å¶„ÅÑ„Çã„Å†„Åë„Åß„ÄÅÁßÅ„Åü„Å°„ÅØÂñú„Å≥„ÇíÊÑü„Åò„Å¶„ÅÑ„Åæ„Åô„ÄÇ„Åì„Çå„Åã„Çâ„ÇÇÊ≠¢„Åæ„Çâ„Å™„ÅÑ„Åß„Åè„Å†„Åï„ÅÑ„ÄÇÁßÅ„ÅØ„ÅÇ„Å™„Åü„ÅÆ„ÇØ„É™„ÉÉ„Éó„ÇíË¶ã„ÅüÁû¨Èñì„Åã„Çâ„ÄÅ„ÅÇ„Å™„Åü„ÅåÊú¨Áâ©„ÅÆÊâçËÉΩ„ÇíÊåÅ„Å£„Å¶„ÅÑ„Çã„Åì„Å®„ÇíÁü•„Å£„Å¶„ÅÑ„Åæ„Åó„Åü„Åó„ÄÅ„ÅÇ„Å™„Åü„ÅåÊúÄÈ´ò„ÅÆÊâçËÉΩ„ÇíÊåÅ„Å£„Å¶„ÅÑ„Çã„Åì„Å®„ÇíÁêÜËß£„Åô„Çã„ÅÆ„Å´ÊôÇÈñì„ÅØ„Åã„Åã„Çä„Åæ„Åõ„Çì„Åß„Åó„Åü„ÄÇ

  ÊÑõ„ÇíËæº„ÇÅ„Å¶ 
„Åü„Å†„ÅÆÈáé„Ç¶„Çµ„ÇÆ„Åã„Çâ
"
2020/11/20 14:09:21,https://twitter.com/Fzrex1/status/1307527150451306496?s=09,Zrex,South East Asia,https://www.pixiv.net/en/artworks/85796209,@Fzrex1,"Peko peko peko!!! Omedetou for 1M subs, don't give up peko!! We love kusa rabbit like we love our world! Then, i from Indonesia and i think giving you a fanart that wearing Batik clothes from Indonesia. I hope you like it! "
2020/11/20 19:57:43,https://imgur.com/ztUouOv,Cencourang,South East Asia,https://imgur.com/XKqxV8t,https://twitter.com/Cencourang,"„Åì„Çì„Å∫„Åì „Åì„Çì„Å∫„Åì „Åì„Çì„Å∫„Åì „Å∫„Åì„Çâ„Å°„ÇÉ„Çì!!

„Ç§„É≥„Éâ„Éç„Ç∑„Ç¢„Åã„Çâ„ÅÆ„Éï„Ç°„É≥„Åß„Åô„ÄÇ

ÊÄù„ÅÜ„Å´„ÄÅÁßÅ„ÅØ„ÅÇ„Å™„Åü„ÅÆ„Çπ„Éà„É™„Éº„É†„ÇíË¶ã„Å¶„ÄÅ„ÇÇ„ÅÜ8„É∂Êúà„Å´„Å™„Çã„Å®ÊÄù„ÅÑ„Åæ„Åô„ÄÇ
ÁßÅ„ÅåÊúÄÂàù„Å´Ë¶ã„Å¶„ÄÅ„ÅÇ„Å™„Åü„ÅÆ„Ç≥„É≥„ÉÜ„É≥„ÉÑ„ÇíÂ•Ω„Åç„Å´„Å™„Å£„Åü„ÅÆ„ÅØ„ÄÅOutlast„ÅÆ„Ç≤„Éº„É†„Éó„É¨„Ç§„Åß„Åó„Åü„ÄÇ„Åù„ÅÆÂãïÁîª„ÇíË¶ã„Å¶„ÄÅ„ÇÇ„Å£„Å®„ÇÇ„Å£„Å®„ÅÇ„Å™„Åü„ÇíË¶ã„Åü„ÅÑ„Å®ÊÄù„ÅÜ„Çà„ÅÜ„Å´„Å™„Çä„Åæ„Åó„Åü„ÄÇ

„ÅÇ„Å™„Åü„ÅÆ„Çπ„Éà„É™„Éº„É†„ÅØ„ÄÅ„Åì„ÅÆËçí„Çå„ÅüÊôÇÊúü„Å´Êú¨ÂΩì„Å´Â§ö„Åè„ÅÆ„Åì„Å®„ÇíÂä©„Åë„Å¶„Åè„Çå„Å¶„ÅÑ„Åæ„Åô„ÄÇ„ÅÇ„Å™„Åü„ÅÆÁ¨ëÈ°î„Å®Á¨ë„ÅÑÂ£∞„ÅØÊú¨ÂΩì„Å´ÁßÅ„Å´„Éù„Ç∏„ÉÜ„Ç£„Éñ„Å™„Ç®„Éç„É´„ÇÆ„Éº„Çí‰∏é„Åà„Å¶„Åè„Çå„Åæ„Åô„ÄÇ

„ÅÇ„Å™„Åü„ÅÆ„ÉÅ„É£„É≥„Éç„É´„ÅÆÊàêÈï∑„ÅØ„Åæ„Åü„ÄÅÁßÅ„ÅØ„ÅÇ„Å™„Åü„ÅÆNousagis„ÅÆ‰∏Ä„Å§„Å®„Åó„Å¶Ë™á„Çä„Å´ÊÄù„Å£„Å¶„ÅÑ„Åæ„Åô„ÄÇ
‰ªä„ÄÅ„ÅÇ„Å™„Åü„ÅØÁßÅ„ÅÆ„ÅäÊ∞ó„Å´ÂÖ•„Çä„ÅÆVtuber„Åß„ÅÇ„Çä„ÄÅ„ÅÑ„Å§„ÇÇ„Åù„ÅÜ„Åß„Åô„ÄÇ

100‰∏á‰∫∫Á™ÅÁ†¥„Åä„ÇÅ„Åß„Å®„ÅÜ„Åî„Åñ„ÅÑ„Åæ„Åô„ÄÇ„Åì„Çå„Åã„Çâ„ÇÇÂÅ•Â∫∑„Å´Ê∞ó„Çí„Å§„Åë„Å¶„ÄÅ„ÅÇ„Å™„Åü„ÅÆÁ¨ëÈ°î„Å®Á¨ë„ÅÑ„Çí‰∏é„ÅàÁ∂ö„Åë„Å¶„Åè„Å†„Åï„ÅÑ„ÄÇ

Selamat atas 1 Juta Subscriber nya dan Terima kasih atas streaming kamu yang selalu memberikan tawa setiap harinya! Aku selalu mendukungmu Pekora-chan!!

Congrats for 1 Million Subscriber and Thank you for your streaming that always give us a good laugh everyday! I Always support you Pekora-chan!!"
2020/11/21 6:49:40,,„Ç∏„Éß„Çª„Éï,South East Asia,,itsYosef,"„Åì„Çì„Å∫„Åì„Äú„ÄÄ„Åì„Çì„Å∫„Åì„Äú„ÄÄ„Åì„Çì„Å∫„Åì„Äú
„Åä„ÇÅ„Åß„Å®„ÅÜÔºÅÔºÅÔºÅÔºÅÔºÅÔºÅÔºÅÔºÅÔºÅÔºÅ
Congratulations Pekora on One Million Subscribers! Hope you‚Äôre having a great day-peko! What a wild ride it has been, hasn‚Äôt it? Thank you for all the really fun times throughout the past year. Thank you for introducing me to the world of VTubers, especially with Hololive. I can never thank you enough for keeping me, and every one of your Nousagis happy. Thank you for all the good times, and for all of these wonderful memories. Most importantly, thank you for reminding us to have faith in ourselves, to carry on, and to live happily.
So again, congratulations on a million subscribers, and here‚Äôs to a million more and beyond-peko!"
2020/11/21 9:13:07,,Sudla Steel,North America,,,Congratulations Pekora!!!!! I remember when you first debuted! It is amazing to see how much you have grown! I hope that you can continue to grow and create content! Thank you for the good times Pekora!
2020/11/21 10:55:18,,BIG DAZ,Europe & North Asia,,@M0NIITOR,"Congrats on reaching 1 million! All the way from the UK, please marry me."
2020/11/21 11:10:23,,eyle,North America,,@eyle_idle,Congratulations on the 1 million! Your hard work has paid off! I'm happy that I accompanied you on the journey. Your streams are always the highlight of my day and give me the energy to carry on. I found a good group of people to chat alongside with during your streams. I hope to befriend more nousagi's as you gain more followers! Snack Usada are my favorite streams that you do. I'll always support you! Pekora is my #1 Idol!
2020/11/21 12:00:19,https://cdn.discordapp.com/attachments/744735186843074701/779797700832133141/8aa11605abe00187d0ae7b4b99e1c8b9.gif,Mitikozuki,North America,,https://twitter.com/Mitikozuki1,Been watching since 2019 and as one of your older fans I must say it is great to see you finally reach this subscriber milestone! Thank your hard work in helping us fans who come home smile every day when we've had a rough day. It means a lot to us to see you keep going. Your hard work is paying off and you deserve all the love you get. Thank you for being here and being a ray of sunshine to us all.
2020/11/21 22:45:02,,Reverend Malice,South America,,,"Congratulations, Pekora! We all love you and it's been a blast seeing you grow both as a person and a Vtuber!!!
100‰∏á‰∫∫Á™ÅÁ†¥„Åä„ÇÅ„Åß„Å®„ÅÜ„Åî„Åñ„ÅÑ„Åæ„Åô„Å∫„Åì„Çâ„Åï„ÇìÔºÅ"
2020/11/22 10:57:14,,gamer,Africa,,,"ez clap
"
2020/11/22 20:52:10,,Man Yu,South East Asia,,@Mmanyuu2,"Congratulation on your 1M subscriber, pekora chan!~ Truth be told, I had only been a fan of yours for a short while (it all began with HoloEN) but you had brought so much happiness to my life. It makes me think that all the Japanese that I learnt from watching anime is to understand your stream. ÁßÅ„ÅÆÊó•Â∏∏ÁîüÊ¥ª„Å´Âπ∏„Åõ„Çí„ÇÇ„Åü„Çâ„Åó„Å¶„Åè„Çå„Å¶„ÅÇ„Çä„Åå„Å®„ÅÜ!! „ÇÇ„ÅÜ‰∏ÄÂ∫¶„ÄÅ100‰∏á‰∫∫„ÅÆ„ÉÅ„É£„É≥„Éç„É´ÁôªÈå≤ËÄÖ„ÅÆ„Éû„Ç§„É´„Çπ„Éà„Éº„É≥„Åä„ÇÅ„Åß„Å®„ÅÜ„Åî„Åñ„ÅÑ„Åæ„Åô! "
2020/11/23 5:08:17,,Kain Kazama,East Asia,,,Ayyooo Congratulations and Almond! „Ç¢„É´„É¢„É≥„Éâ! „Ç¢„É´„É¢„É≥„Éâ! :^D
2020/11/23 6:22:05,,„ÉÑ„É≥„É≠„ÉÉ„Ç≠,,,,100‰∏á„Åä„ÇÅ„Åß„Å®„ÅÜ„Å∫„ÅìÔºÅÔºÅÔºÅÔºÅÔºÅ‰ªäÂπ¥„ÅÑ„Çç„ÅÑ„Çç„ÅÇ„Å£„Åü„Åë„Å©„ÄÅ„Å∫„Åì„Å°„ÇÉ„Çì„Åå„ÅÑ„Åü„Åì„Åù„ÄÅ‰πó„ÇäË∂ä„Åà„Åü„ÇàÔºÅ„Å∫„Åì„Çâ„Å°„ÇÉ„Çì„Å´‰ºö„Åà„Å¶„Çà„Åã„Å£„ÅüÔºÅÊú¨ÂΩì„Å´Êú¨ÂΩì„Å´„Åä„ÇÅ„Åß„Å®„ÅÜÔºÅ
2020/11/23 9:41:58,https://pbs.twimg.com/profile_images/1295401212892680192/QxKySt-d_400x400.jpg,Xsao,South East Asia,,Xsao122,100‰∏á‰∫∫„Åä„ÇÅ„Åß„Å®„ÅÜÔºÅ„Å∫„Åì„Éº„Çâ„ÅÆÈÖç‰ø°„Åã„Çâ„ÅÑ„Å£„Å±„ÅÑ„É¢„ÉÅ„ÉôË≤∞„Å£„Åü„ÄÅÊú¨ÂΩì„Å´„ÅÇ„Çä„Åå„Å®„ÅÜÔºÅ„Åì„Çå„Åã„Çâ„ÇÇÂøúÊè¥„ÅóÁ∂ö„Åë„Åæ„ÅôÔºÅ
2020/11/23 18:23:32,https://imgur.com/a/O7Z4yrC,onlylooker,South America,https://imgur.com/a/yIfqxUq,@onlylooker1,"Congratulation on 1,000,000 nousagis, thanks for all the fun and all the streams, for making a bad day in to the best day, I wish you the best in the world, let's continue writing new chapters in pekora's history because this is only the beggining  "
2020/11/23 18:40:19,,Braltz,South America,,@alrus2797,Congratulations for 1'000'000 subs peko
2020/11/23 23:27:30,,monke,North America,,,"Dear Shachou, 
Even though I may have only joined the company recently you have already brought me so much laughter and joy that I could never thank you enough. Everything you do brings a smile to my face and I am so happy you have gotten 1 million subscribers, nobody deserves it more. You truly are the number 1 idol-peko! and I cant wait to see what you do next. Thank you for all the laughs 
OTSUPEKO!!!"
2020/11/24 1:08:36,https://www.google.com/url?sa=i&url=https%3A%2F%2Fwww.zerochan.net%2F2860395&psig=AOvVaw0Y2sVsoeqaGtDviUxDbwSX&ust=1606295154893000&source=images&cd=vfe&ved=0CAIQjRxqFwoTCJDRvfXpmu0CFQAAAAAdAAAAABAD,Calvino Noel,North America,,@CalNoel24,"so guys, we did it we reached a million subscribers, 250,000 subscribers and still growing
the fact that we reached this number in such a short amount of time is just phenomenal i-im just amazed, thank you all so much
for supporting this channel and helping it grow I-I love you guys, you guys are just awesome.
so as you can probably tell this isnt really a montage parody, this is really more like a kind thank you / update video
so in this video im quickly gonna go over two things: firstly advertisements, and more importantly : the future of this channel
and what kind of direction its headed.
okay so firstly, the advertisements. believe it or not but montage parodies are actually a copy right minefield
new content is getting claimed every day. we could use something from.. lets say.. 5 years ago, and tomorrow a huge company could come along"
2020/11/24 5:17:40,https://cdn.discordapp.com/attachments/399340572877520909/780782234625245204/ezgif.gif,Hado,Europe & North Asia,,,"
„Ç∞„Éº„Ç∞„É´ÁøªË®≥„Çí„ÅîÂà©Áî®„ÅÑ„Åü„Å†„Åç„ÅÇ„Çä„Åå„Å®„ÅÜ„Åî„Åñ„ÅÑ„Åæ„Åô„ÄÇ„Åì„ÅÆ„É°„ÉÉ„Çª„Éº„Ç∏„Å´ÈñìÈÅï„ÅÑ„Åå„ÅÇ„Å£„ÅüÂ†¥Âêà„ÅØ„ÅäË©´„Å≥Áî≥„Åó‰∏ä„Åí„Åæ„Åô„ÄÇ

ÁßÅ„ÅØÁèæÂú®„ÄÅÊ•≠ÁïåÊ®ôÊ∫ñ„Åß„Ç≤„Éº„É†„Çí‰ΩúÊàê„Åô„ÇãÊñπÊ≥ï„ÇíÂ≠¶„Çì„Åß„ÅÑ„ÇãÊÑèÊ¨≤ÁöÑ„Å™„Ç≤„Éº„É†„Éá„Ç∂„Ç§„Éä„Éº„Åß„ÅÇ„Çä„ÄÅÁßÅ„ÅÆÂ§¢„ÅÆ1„Å§„ÅØ„ÄÅ„Éõ„É≠„É©„Ç§„Éñ„Çí‰∏≠ÂøÉ„Å´Â±ïÈñã„Åô„ÇãÊΩúÂú®ÁöÑ„Å™„Ç≤„Éº„É†„Çí‰ΩúÊàê„Åô„Çã„Åì„Å®„Åß„Åô„ÄÇ Cover Corp„Åß„Åù„Çå„ÅåÂïèÈ°å„Å™„ÅÑ„Åã„Å©„ÅÜ„Åã„ÅØ„Çè„Åã„Çä„Åæ„Åõ„Çì„Åå„ÄÅ„Åù„Çå„Åå„Åß„Åç„Çã„Åã„Å©„ÅÜ„Åã„Çí„ÅÜ„Åæ„ÅèÂ∞ã„Å≠„ÇãÂøÖË¶Å„Åå„ÅÇ„Çã„Åã„ÇÇ„Åó„Çå„Åæ„Åõ„Çì!

‰∏ñÁïå‰∏≠„ÅÆÁöÜÊßò„Çí„Åä„ÇÇ„Å¶„Å™„Åó„Åó„Å¶„ÅÑ„Åü„Å†„Åç„ÄÅË™†„Å´„ÅÇ„Çä„Åå„Å®„ÅÜ„Åî„Åñ„ÅÑ„Åæ„Åô„ÄÇ‰ªäÂæå„Å®„ÇÇ„Çà„Çç„Åó„Åè„ÅäÈ°ò„ÅÑ„ÅÑ„Åü„Åó„Åæ„Åô!"
2020/11/24 7:55:07,https://pbs.twimg.com/profile_images/1313938902030274560/zzg8mquf.jpg,„É™„ÉÉ„Ç≠„Éº (RICKY),South East Asia,https://twitter.com/ricky_mseb/status/1330858899532988420?s=19,https://twitter.com/ricky_mseb," „Å∫„Åì„ÇâÔºåÁôªÈå≤ËÄÖ100‰∏á‰∫∫„Åä„ÇÅ„Åß„Å®„ÅÜÔºÅÔºÅÔºÅÔºÅ ‚ù§ ü•ï
„ÅÇ„Å™„Åü„ÅØÁßÅ„ÅÆ‰∏ÄÁï™Â•Ω„Åç„ÅÆ„Éñ„Ç§„ÉÅ„É•„Éº„Éê„Éº„Åß„ÅôÔºÅ
„ÅÑ„Å§„ÇÇ„ÅÇ„Å™„Åü„ÇíÂøúÊè¥„Åó„Å¶„ÅÑ„Åæ„ÅôÔºÅ‚ù§ü•ï

„Å∫„Åì„É©„É≥„Éâ„ÅÆ„Éâ„ÉÉ„ÉàÁµµ‰Ωú„Çä„Åæ„Åó„ÅüÔºåÊ∞ó„Å´ÂÖ•„Å£„Å¶„ÇÇ„Çâ„Åà„Çã„Å®„ÅÑ„ÅÑ„ÅÆ„Åß„Åô„ÅåÔºÅ"
2020/11/24 9:14:38,https://i.imgur.com/sAlHeVs.jpg,Miniya,East Asia,,,„Å∫„Åì„Å°„ÇÉ„Çì100‰∏áÁôªÈå≤ËÄÖ„Åä„ÇÅ„Å∫„ÅìÔΩû„ÅÑ„Çç„ÅÑ„Çç„ÅäË©±„Åó„Åó„Åü„ÅÑ„Åë„Å©„ÅÑ„ÅñÊõ∏„Åë„ÇãÊôÇ‰Ωï„ÇíÊõ∏„Åë„Å∞ÂàÜ„Åã„Çâ„Å™„Åè„Å™„Å£„Å¶„Åç„Åü„ÄÅ‰∏ÄË®Ä„Å´Ë®Ä„ÅÜ„Å®‚Äô‚ÄôÊÑüÁÑ°Èáè‚Äô‚Äô„Å∫„ÅìÔºÅÊú¨ÂΩì„Å´„Åä„ÇÅ„Å∫„ÅìÔΩûÔΩûÔΩûÔΩûüò≠
2020/11/24 9:40:57,https://imgur.com/zp9j9C2,kaito,Oceania,https://imgur.com/jz60u55,https://twitter.com/kaiixto,"Pekora, congratulations on 1 million subscribers! 
From your karaoke to your late night Minecraft adventures, your streams always entertain and keep me company. 
Thank you peko~ 
100‰∏á‰∫∫„Åä„ÇÅ„Åß„Å®„ÅÜ„Åî„Åñ„ÅÑ„Åæ„Åô!"
2020/11/24 14:23:34,,Mixxy3k,Europe & North Asia,,,Congrats for getting 1M subscribers¬†peko!
2020/11/24 14:36:02,,Strelkov16,North America,,,Congratulations on hitting 1 million and thank you for helping me smile again I appreciate all your work thank you.
2020/11/24 14:58:12,https://ibb.co/BchjJhh,RyiKupo,North America,https://ibb.co/Y2zBXZ9,@ryikupo,"Pekora is very cute! We fans will be cheering for you!! Congratulations on reaching 1 million subscribers!!! 
„Éö„Ç≥„É©„Åå„Å®„Å£„Å¶„ÇÇ„Åã„Çè„ÅÑ„ÅÑ! ÁßÅ„Åü„Å°„Éï„Ç°„É≥„ÇÇÂøúÊè¥„Åó„Å¶„ÅÑ„Åæ„Åô! 100‰∏á‰∫∫Á™ÅÁ†¥„Åä„ÇÅ„Åß„Å®„ÅÜ„Åî„Åñ„ÅÑ„Åæ„Åô! ! !"
2020/11/24 17:15:56,https://pbs.twimg.com/media/EWi3fBSUYAAKtEp?format=jpg&name=900x900,No-Panda,South East Asia,,,Â•Ω„Åç„Å† !!!!!     (‚ïØ¬∞–î¬∞Ôºâ‚ïØÔ∏µ /(.‚ñ° . \)
2020/11/24 18:46:11,,Ted,South East Asia,,,"Congratulation on your 1 million subs Pekora.

In a year ravaged by covid, thank you for making 2020 not as bad of a year as expected. 

As a relatively recent fan who watched clips of you and Miko flying to the moon with the TNT in minecraft, it has been quite a joyful ride. 

I wish for your continued health and success for many years to come. "
2020/11/24 18:52:27,,MischieF#2502,South East Asia,,,Congrats on reaching 1 million subscribers-peko
2020/11/24 20:04:18,,Draco0100,North America,,,Congratulations-Peko!! Omaedetou-Peko!!
2020/11/24 20:20:45,https://i.kym-cdn.com/photos/images/newsfeed/001/881/445/301.jpg,Baka Hanami,North America,,Baka_Hanami,Congratz on hitting a million!!! I love you crazy comedian rabbit. 100‰∏á‰∫∫Á™ÅÁ†¥„Åä„ÇÅ„Åß„Å®„ÅÜÔºÅÁãÇ„Å£„Åü„Ç≥„É°„Éá„Ç£„Ç¢„É≥„ÅÆ„Ç¶„Çµ„ÇÆ„ÅåÂ§ßÂ•Ω„Åç„Å†
2020/11/24 20:48:34,https://drive.google.com/file/d/1HWXPRCIJwS7Adh_VG9KbsnjbWJHOaCff/view?usp=sharing,Flachland,South East Asia,,@flatlandID,"„Åì„Çì„Å∫„Åì„ÄÅ„Åì„Çì„Å∫„Åì„ÄÅ„Åì„Çì„Å∫„ÅìÔºÅ
Greetings, Pekora-san! Congratulations on reaching 1 million YouTube subscribers!
I've been a fan of you since 390K subscribers, let's say... you've come a long journey, a really, REALLY fun and engaging long journey if I do say so! I've actually enjoy more of your talking streams (i.e. Snack Usada) and singing streams! Not that I dislike your gaming streams, they're always fun to watch! Hoping for more fun and engaging streams in the future! Waddle on!

Thanks for entertaining us in this dire time, we really thank you for that too!"
2020/11/24 22:34:32,https://pasteboard.co/JBXfoeN.png,Kranf | È≠îÁéãÂÖé,East Asia,https://pasteboard.co/JBXgDmA.png,,"Iyaa, how time flies so fast. It feels like a moment ago you still have like 70K subs, and now.. 1M! Congratulations for finally reaching this milestone peko! I've been hanging around since late November and I can barely find any overseas fans. Now, you have so many of them and your english has improved a whole lot! You were so fun to watch and at the same time, very cute. You were working so hard and peko. I hope you continue towards this endeavor and someday reach 2M as well! I look forward to work with you more in the near future! Congratulations and I'll wait for your Mom's reaction. ww"
2020/11/25 1:22:22,https://pbs.twimg.com/profile_images/1328488790927806467/iY2fOoO0_400x400.jpg,itzmelol,Europe & North Asia,,https://twitter.com/itzmelolmao,"Congratulations on 1 million subscribers peko, your content never fails to make me laugh and I'm happy I've found out your channel exists, thank you for making me and thousands of others smile!"
2020/11/25 2:10:22,https://pbs.twimg.com/profile_images/753528731361083392/x7JSXqy2_400x400.jpg,AsuraÊ¥õ,South East Asia,,@Asuraluo,"Congratulation! 100‰∏á „Åä„ÇÅ„Åß„Å®„ÅÜ!! Pekora, Thank you for all the time spend with us (ÈáéÂÖé). You have been my hope and laugh when i was quarantine for 14 days during this Pandemic. Everyday was a joyful day listening to your Ha‚ÜóÔ∏èHa‚ÜòÔ∏èHa‚ÜóÔ∏èHa‚ÜòÔ∏èHa‚ÜóÔ∏èHa‚ÜòÔ∏èHa. I am happy to be able to meet you. ÂÖéÁî∞Á§æÈïø - ÊúÄÈ´ò„ÅÆCrazy Rabbit."
2020/11/25 2:40:57,,Aynix,Europe & North Asia,,,Konpeko! Congratulations on hitting one million subs and thanks for being the one who made me start watching vtubers.
2020/11/25 3:28:33,https://pbs.twimg.com/media/EiwYZOEU8AAMwyI?format=png&name=240x240,Wistheticc_,South East Asia,,@Wistheticc_,"Pekora-chan omedetou-peko~ 


ÁßÅ„Åå„ÅÇ„Å™„Åü„Å´„Å©„Çå„Åª„Å©ÊÑüË¨ù„Åó„Å¶„ÅÑ„Çã„Åã„ÅØË®Ä„Åà„Åæ„Åõ„Çì„ÄÇ„ÉÅ„É£„É≥„Éç„É´ÁôªÈå≤ËÄÖÊï∞„Åå100‰∏á‰∫∫„Å´ÈÅî„Åó„Åü‰ªä„ÄÅÁßÅ„ÅØ„ÅÇ„Å™„Åü„Çí„Å®„Å¶„ÇÇË™á„Çä„Å´ÊÄù„Å£„Å¶„ÅÑ„Åæ„ÅôÔºÅ„ÅÇ„Å™„Åü„ÅÆ„Çπ„Éà„É™„Éº„É†„Å®„ÇØ„É™„ÉÉ„Éó„ÅØ„ÄÅÁßÅ„ÅåÂ§ßÂ≠¶„ÅßÊÇ≤„Åó„Åè„Å¶„Çπ„Éà„É¨„Çπ„ÇíÊÑü„Åò„Å¶„ÅÑ„Çã„Å®„Åç„ÅØ„ÅÑ„Å§„Åß„ÇÇÁßÅ„ÇíÂπ∏„Åõ„Å´„Åó„Åæ„Åô„ÄÇÂ§ßÂ≠¶„Åß„ÅÆ„Ç™„É≥„É©„Ç§„É≥ÊéàÊ•≠„ÅØÂ§ßÂ§â„Åß„ÅôÁ¨ë„ÄÇÂ§ö„Åè„ÅÆ‰∫∫„ÅåÂπ∏„Åõ„ÅßÁ¨ëÈ°î„Å´„Å™„Çã„ÅÆ„Åß„ÄÅ„Åì„Çå„Åã„Çâ„ÇÇÈ†ëÂºµ„Å£„Å¶„Åè„Å†„Åï„ÅÑ„ÄÇ„Éö„Ç≥„É©„Å®„ÅÆËâØ„ÅÑ‰ªï‰∫ã„ÇíÁ∂ö„Åë„Å¶„Åè„Å†„Åï„ÅÑÔºÅ„ÅÜ„Åï„Åé„Åß„ÅÇ„Çã„Åì„Å®„ÇíË™á„Çä„Å´ÊÄù„ÅÑ„Åæ„ÅôÔºÅ„Éï„Ç£„É™„Éî„É≥„Åã„Çâ„ÅÆÊÑõÔºÅ

Sorrymasen for kuso-eigo, I am using google translate. But I am planning to learn Japanese to enjoy your streams more! Itsumo arigatou Pekora-chan! "
2020/11/25 3:37:06,https://cdn.discordapp.com/attachments/532797981133373461/781120199931723776/Yeet.jpg,TheYeetiest,Oceania,,@TheYeetiest,"Omedetoupeko!
Throughout the year, you have brought smiles to the faces of millions of people. Your effort to surpass your comfort zone and do all sorts of things is really amazing. You are really amazing at what you do and you really deserve these 1 million subscribers! Omedetoupeko!"
2020/11/25 4:22:10,,ÂÖ≠Êúà,South East Asia,,,"Dear Pekora,

You do your best everyday! 
This makes me want to do my best everyday too~
You are the best rabbit~
Seeing your stream makes me really happy~
So I hope that you will be happy everyday too! 
I love your voice and laughter! 
Take care of yourself! 
Congratulations on 1 Million subs!!! 
Pekooooooo!


„ÅÇ„Å™„Åü„ÅØÊØéÊó•ÊúÄÂñÑ„ÇíÂ∞Ω„Åè„Åó„Åæ„Åô!
„Å†„Åã„Çâ „Åæ„ÅÑ„Å´„Å° „Åå„Çì„Å∞„Çä„Åü„ÅÑ~
„ÅÇ„Å™„Åü„ÅØÊúÄÈ´ò„ÅÆ„Ç¶„Çµ„ÇÆ„Åß„Åô~ 
„ÅÇ„Å™„Åü„ÅÆ„Çπ„Éà„É™„Éº„É†„ÇíË¶ã„Å¶Êú¨ÂΩì„Å´Âπ∏„Åõ„Åß„Åô~
„Å†„Åã„Çâ„ÅÇ„Å™„Åü„ÇÇÊØéÊó•Âπ∏„Åõ„Å´„Å™„Çã„Åì„Å®„ÇíÈ°ò„Å£„Å¶„ÅÑ„Åæ„Åô!
ÁßÅ„ÅØ„ÅÇ„Å™„Åü„ÅÆÂ£∞„Å®Á¨ë„ÅÑ„ÅåÂ§ßÂ•Ω„Åç„Åß„Åô! 
Ëá™ÂàÜ„ÇíÂ§ß‰∫ã„Å´„Åó„Å¶‰∏ã„Åï„ÅÑ! 
100‰∏á‰ª∂„ÅÆ„Çµ„Éñ„Çπ„ÇØ„É™„Éó„Ç∑„Éß„É≥„Åä„ÇÅ„Åß„Å®„ÅÜ„Åî„Åñ„ÅÑ„Åæ„Åô!!!
„Éö„Ç≥„Ç≥„Ç≥„Ç≥„Ç≥„Ç≥„Ç≥!"
2020/11/25 4:48:19,"https://images-wixmp-ed30a86b8c4ca887773594c2.wixmp.com/f/1f91b7c0-fa6f-4cfd-9a5d-639a7e206906/d9oem5v-4171a12f-6250-4e8a-a7e3-c48e442d8ccb.jpg/v1/fill/w_800,h_568,q_75,strp/the_rise_of_kinesis_by_kawacy_d9oem5v-fullview.jpg?token=eyJ0eXAiOiJKV1QiLCJhbGciOiJIUzI1NiJ9.eyJzdWIiOiJ1cm46YXBwOiIsImlzcyI6InVybjphcHA6Iiwib2JqIjpbW3siaGVpZ2h0IjoiPD01NjgiLCJwYXRoIjoiXC9mXC8xZjkxYjdjMC1mYTZmLTRjZmQtOWE1ZC02MzlhN2UyMDY5MDZcL2Q5b2VtNXYtNDE3MWExMmYtNjI1MC00ZThhLWE3ZTMtYzQ4ZTQ0MmQ4Y2NiLmpwZyIsIndpZHRoIjoiPD04MDAifV1dLCJhdWQiOlsidXJuOnNlcnZpY2U6aW1hZ2Uub3BlcmF0aW9ucyJdfQ.SIi8EvpWzqW4J6h6IT4DJVOxcPMS2vkGre_nl4GT9Tk",RenSword,South East Asia,,,peko peko peko peko peko! omedetou 1m~ Love u~ our crazy rabbit~
2020/11/25 6:54:57,https://www.zerochan.net/2877926#full,„Ç™„É™„Éê„Éº,South East Asia,,,ÁßÅ„ÅØÊó•Êú¨Ë™û„ÇíÁã¨Â≠¶„ÅßÂãâÂº∑„Åó„Å¶„ÅÑ„Çã„Åß„ÇÇ„ÄÅ„Åæ„Å†‰∏ãÊâã„Åè„Åù„Åß„Åô„ÄÇ„Åù„Çå„Åß„ÇÇ„ÄÅ„Å∫„Åì„Çâ„Å°„ÇÉ„Çì„Å®„É°„ÉÉ„Çª„Éº„Ç∏„ÇíÊõ∏„Åç„Åü„ÅÑ„ÅÆ„Åß„Åô„ÄÇ„Å∫„Åì„Çâ„ÅÆ„ÉÅ„É£„É≥„Éç„É´ÁôªÈå≤„Åô„Çã„Åã„Çâ„ÄÅ„ÇÇ„ÅÜ‰∏ÄÂπ¥Áµå„Å£„Åü„ÄÇÊØéÊó•ÈÖç‰ø°„ÇíË¶ã„Åæ„Åô„Åã„Çâ„ÄÅ„ÇÜ„Å£„Åè„ÇäÊó•Êú¨Ë™û„ÇíËÖï‰∏ä„Åå„Çã„ÄÇ„Åó„Åã„ÅóÁßÅ„ÅØ„Åæ„Å†ÈÖç‰ø°„ÇíÂÆåÂÖ®„Å´ÁêÜËß£„Åó„Å¶„Å™„ÅÑ„ÄÇ„Å†„Åã„Çâ„Åù„ÅÆÊó•„Åæ„Åß„ÄÅÈÖç‰ø°„ÇíÁ∂ö„Åë„Å¶Ë¶ã„Åæ„Åô„ÄÇÊú´Ê∞∏„Åè„ÄÅ„Å∫„Åì„Çâ„ÅÆÈÖç‰ø°„ÇíÁ∂ö„Åë„ÇãÊ¨≤„Åó„ÅÑ„ÄÇ
2020/11/25 7:43:18,,Nasume,South East Asia,,,"Hello Pekorachan, Congratulation for reaching 1million subscriber.
I glad with you with bottom of my hearth.

You is first VTuber that i follow and I'm very proud off.
Your stream very fun and always make my day brighter.
Thank you again for your hard work, it's mean a lot to me

I will continued to support you as always,
Love from your Nousagi Nasume


„Åì„Çì„Å´„Å°„ÅØ„Éö„Ç≥„É©„Å°„ÇÉ„Çì„ÄÅ100‰∏á‰∫∫Á™ÅÁ†¥„Åä„ÇÅ„Åß„Å®„ÅÜ„Åî„Åñ„ÅÑ„Åæ„Åô„ÄÇ
ÁßÅ„ÅØÁßÅ„ÅÆÂõ≤ÁÇâË£è„ÅÆÂ∫ï„Åß„ÅÇ„Å™„Åü„Å®‰∏ÄÁ∑í„Å´Âñú„Çì„Åß„ÅÑ„Åæ„Åô„ÄÇ

„ÅÇ„Å™„Åü„ÅØÁßÅ„Åå„Éï„Ç©„É≠„Éº„Åó„Å¶„ÅÑ„ÇãÊúÄÂàù„ÅÆVTuber„Åß„ÄÅÁßÅ„ÅØÈùûÂ∏∏„Å´Ë™á„Çä„Å´ÊÄù„Å£„Å¶„ÅÑ„Åæ„Åô„ÄÇ
„ÅÇ„Å™„Åü„ÅÆ„Çπ„Éà„É™„Éº„É†„ÅØ„Å®„Å¶„ÇÇÊ•Ω„Åó„Åè„Å¶„ÄÅ„ÅÑ„Å§„ÇÇÁßÅ„ÅÆÊó•„ÇíÊòé„Çã„Åè„Åó„Å¶„Åè„Çå„Åæ„Åô„ÄÇ
„ÅÇ„Å™„Åü„ÅÆ„Éè„Éº„Éâ„ÉØ„Éº„ÇØ„Å´ÂÜç„Å≥ÊÑüË¨ù„Åó„Åæ„Åô„ÄÇ

„Åì„Çå„Åã„Çâ„ÇÇÂ§â„Çè„Çâ„ÅöÂøúÊè¥„Åó„Å¶„ÅÑ„Åæ„Åô„ÄÇ

„Å∫„Åì„ÇâÂ§ßÂ•Ω„Åç.„ÄÄ
Èáé„ÅÜ„Åï„ÅéNasume "
2020/11/25 8:05:58,https://drive.google.com/file/d/1nwDvK-Au1iav36y0javFBpAghlshMtXe/view?usp=sharing,„Éò„É≥„É™„Éº„ÉªPimp Boy Henry,South East Asia,https://drive.google.com/file/d/1Xjb0Cx-Az68KZx_BIkCMrTPypnLHeulA/view?usp=sharing,https://twitter.com/PimpBoyHenry,"„Å∫„Åì„Çâ„Å°„ÇÉ„ÇìÔºÅÔºëÔºêÔºê‰∏á‰∫∫„Åä„ÇÅ„Åß„Å®„ÅÜ„Åî„Åñ„ÅÑ„Åæ„ÅôÔºÅI am not fluent in Japanese but I really enjoy your streams! Thank you for giving us love and joy so I hope this message will give love and joy to our dear „ÅÜ„Åï„Åé as well. Pekora totally deserves this milestone, no doubt. Pekora, I am excited to see what you can do in the future, I am sure it'll be a blast. I wish for your health and happiness, I am not good with words so I cannot really express my feelings to its fullest but I really cannot thank you enough for making me smile, I hope I do the same to you with this message. Let's keep reaching for greater heights! „É¨„ÉÉ„ÉÑ„Ç¥„Éº„Å∫„Åì„ÇâÔºÅ„Åå„Çì„Å∞„Å∫„ÅìÔºÅAlso, the fanart I made was drawn in MS Paint and I don't have a drawing tablet so I used my mouse instead, I don't really draw anyways so it's totally fine, I hope you get a good laugh out of that fanart! „ÅØ‚Üó„ÅØ‚Üò„ÅØ‚Üó„ÅØ‚Üò„ÅØ‚Üó ·É¶„Çù‚ó°‚ïπ)„Éé‚ô°"
2020/11/25 9:49:32,https://cdn.discordapp.com/avatars/256183724708724737/31bfc29318bd8f3d52fd8864571d65a7.png?size=1024,ZeBlast,North America,,,Congrats on 1 million!!!! You're an awesome and crazy rabbit :)
2020/11/25 10:11:31,https://cdn.discordapp.com/avatars/254423658225729537/d8149b03482d7c41c19d00548645c909.png?size=256,Epro,South East Asia,,,"Pekora, thank you for being the best you can both as an idol and as a person who simply wants to have fun. Thank you for giving us everything we need such as hopes and laughter in these trying times. Don‚Äôt stop, keep going, get as far as you go; and don‚Äôt forget; we‚Äôll always cheer you on until the end, if if ever comes."
2020/11/25 11:51:33,,otsupi,South East Asia,,otsupi_,"„Åì„Çì„Å∫„ÅìÔºÅÊµ∑Â§ñ„Éã„ÉÉ„Ç≠„Åß„Åô„Åã„ÇâÊó•Êú¨Ë™û‰∏ãÊâã„ÄÇ„ÄÇ„ÄÇ„Åî„ÇÅ„Çì„Å≠„ÄÇ

100‰∏á‰∫∫„Åä„ÇÅ„Åß„Å®„ÅÜÔºÅÔºÅ

„Å∫„Åì„Å°„ÇÉ„Çì„ÅÆÈÖç‰ø°„ÇíË¶ã„Å¶Á¨ë„Å£„Å¶„ÄÅÁßÅ„ÅÆÊó•„ÄÖ„ÇÇ„Å£„Å®„ÇÇ„Å£„Å®Ê•Ω„Åó„Åè„Å™„Å£„Åü„ÄÇ„Éõ„É≠„É©„Ç§„Éñ„Å´ÈÄ£„Çå„Å¶„Åç„Å¶„Åè„Çå„Å¶Êú¨ÂΩì„Å´„ÅÇ„Çä„Åå„Å®„ÅÜÔºÅÁßÅ„ÅÆÂ§¢„Çí„Åæ„ÅüËøΩ„ÅÑ„Åã„Åë„ÇãÊÑüÂãï„Çí‰∏é„Åà„Å¶„Åè„Çå„Å¶„ÅÇ„Çä„Åå„Å®„ÅÜÔºÅ„ÅÑ„Å§„ÇÇÂøúÊè¥„Åó„Å¶„ÅÑ„Çã„Å≠ÔºÅ"
2020/11/25 12:00:53,https://i.imgur.com/PYWEU7E.png,Kanna,North America,,,"„Å∫„Åì„Å°„ÇÉ„ÇìÔºëÔºêÔºê‰∏á‰∫∫„Åä„ÇÅ„Åß„Å®„ÅÜ„Åî„Åñ„ÅÑ„Åæ„ÅôÔºÅÊúÄËøë„ÅÆ„Å∫„Åì„Çâ„ÇÅ„Å°„ÇÉÂ•Ω„Åç„Åß„ÅôÔºÅÈÄÄÂ±à„ÅÆÊôÇ„ÇÇ„ÄÅ„Åö„Çâ„ÅÑ„ÅÆÊôÇ„ÇÇ„ÄÅ„Å∫„Åì„Å°„ÇÉ„Çì„ÅÆÈÖç‰ø°„ÇíË¶ã„Å¶„Çã„Å®„ÄÅÂøÖ„ÅöÁ¨ë„ÅÑ„Åæ„Åô„ÄÇÊØéÊó•Ê•Ω„Åó„ÅÑÈÖç‰ø°Âèó„Åë„Çå„Å¶„ÄÅÊú¨ÂΩì„Å´ÊÑüË¨ù„Åó„Åæ„Åô„ÄÇÊ¨°„ÅØÔºíÔºêÔºê‰∏á„ÄÅ„ÅÑ„ÇÑÔºëÔºêÔºêÔºê‰∏á‰∫∫„ÇíÁõÆÊåá„Åó„Åæ„ÅôÔºÅÊ•Ω„Åó„Åø„Å´„Åó„Å¶„ÅÑ„Åæ„ÅôÔºÅ
Thank you for sharing your happiness with everyone!"
2020/11/25 14:07:36,https://static-cdn.jtvnw.net/jtv_user_pictures/4131a578-8df7-43a2-9549-eace5e76b0bf-profile_image-300x300.png,Comyute,South America,,https://twitter.com/Comyute,"It is really a great achievement to reach 1M subs, I wish you the best from now on, I have a lot of fun with your live streams even if I understand little, but I understand enough to stay and listen to you and see how you have fun with everyone, everyone will continue to support you, so do your best, as you always do.

„Åä „ÇÅ „Åß „Å® „ÅÜ „Å∫ „Åì „Äú"
2020/11/25 15:19:33,https://cdn.discordapp.com/attachments/726643177221521431/781297902600585266/Screenshot_20201126-061836_Discord.jpg,eiruxise,South East Asia,,eiruxise,"Congratulations to our one and only ponkotsu-rabbit <3 You're the one who's dragging me down into this rabbit-hole (and I love it). Please continue doing your best in whatever you're doing and like ~ 
„Å∫„Åì„Çâ„Éº„Å°„ÇÉ„Çì„ÅÑ„Å§„ÇÇ„ÅÇ„Çä„Åå„Å®„Å≠„ÄÇ„ÅÇ„Å™„Åü„ÅØÂÉï„ÅÆÂàù„ÇÅ„Å¶Ë¶ã„Åü„ÅÑ„Å™VTuber,„Åù„Çå„Å®, ÂÉï„ÅÆ‰∏ÄÁï™Â•Ω„Åç„Å™VTuber. „Å∫„Åì„Éº„Å°„ÇÉ„Çì, 100‰∏á „Åä„ÇÅ„Åß„Å®„ÅÜÔΩû"
2020/11/25 16:53:34,https://pbs.twimg.com/profile_images/1296631702085726208/_y7ZFCte_400x400.jpg,Aetherald,North America,,https://twitter.com/aetherald,"Hello Big Boss~~~!
Congratulations on reaching 1 million subscribers!! Thank you for all the hard work you've done this year and I look forward to what you will be doing for the next year(s) to come. I'm looking forward to seeing your hard practice pay off during the Beyond the Stage Live concert!!!!"
2020/11/25 18:46:11,,TsunomakiHikari ‡≠®‡≠ß,East Asia,,,Ohayou-Peko~ ‡≠®‡≠ß „ÅÜ„Åï„Å†„Å°„ÇÉ„Çì„ÄÅ„ÅäÂÖÉÊ∞ó„Åß„Åô„ÅãÔºüÁßÅ„ÅØÂÖÉÊ∞ó„Åß„ÅôÔºÅ„ÅÇ„Å™„Åü„ÅåÁßÅ„Åü„Å°„Å´‰∏é„Åà„Å¶„Åè„Çå„ÅüÁ¨ë„ÅÑ„ÄÅ„Åô„Åπ„Å¶„ÅÆ„Ç∏„Éß„Éº„ÇØ„ÄÅÊ≠å„ÅÑ„ÄÅË∏ä„Çä„ÄÅ„Åù„Åó„Å¶ÁßÅ„Åü„Å°„Çí„ÅÑ„Åò„ÇÅ„Åï„Åà„Åó„Å¶„Åè„Çå„Å¶„ÅÇ„Çä„Åå„Å®„ÅÜ„Å®Ë®Ä„ÅÑ„Åü„ÅÑ„Åß„ÅôÔºÅ„Åä„ÇÅ„Åß„Å®„ÅÜ„Åî„Åñ„ÅÑ„Åæ„ÅôÔºÅ-„Éö„Ç≥ÔºÅÁßÅ„ÅØ„ÅÇ„Å™„Åü„Åå‰∏ÄÁîüÊá∏ÂëΩÂÉç„ÅÑ„Å¶„ÅÑ„Çã„Åì„Å®„ÇíÁü•„Å£„Å¶„ÅÑ„Åæ„Åô„ÄÅ„Åù„Åó„Å¶„ÅÇ„Å™„Åü„ÅØ„Åù„Çå„Å´ÂÄ§„Åó„Åæ„Åô-„Éö„Ç≥ÔºÅÊÑõ„Åó„Å¶„Çã„ÄÅ„ÅÜ„Åï„Åé„Ç¢„Ç§„Éâ„É´„Ç≥„É°„Éá„Ç£„Ç¢„É≥ÔºÅ‚ô° ü•ïüêá
2020/11/25 19:03:29,,sanaka,North America,,sansnaka,"Congratulations on reaching this big milestone pekora! You are a great comedian and idol, I hope you'll keep on making us nousagis smile and keep doing what makes you happy as well! "
2020/11/25 20:28:24,https://i.imgur.com/RkikMfu.png,AHHHEYGAO,North America,https://i.imgur.com/AI2TZrt.png,ahhheygao,"(EN ver.)
Congrats on 1M subs! When you come out to your mom, show her the Pekora plum wine and other Pekora goods to give her an idea of how much of a big shot you are!

Watching your stream has brought me joy every day. You're not just a cute idol and mischievous comedian; you've earned my respect and admiration with your earnest attitude toward your VTuber role, hard work off-stream, and refusal to give up on-stream. I look forward to Hololive 2nd fes and the next chapter of Pekora Story!

I was the American Nousagi who asked Pekora-mama for love advice during Snack Usada a few months ago. To the cute and funny bunny girl living faraway who's much older than me: I love you. I love you! I love you!!

(JP ver.)
„Ç≥„É≥„Ç∞„É©„ÉÉ„ÉÑ„Éª„Ç™„É≥„ÉªÔºë„Éü„É™„Ç™„É≥ÔºÅ100‰∏á‰∫∫„Åä„ÇÅ„Åß„Å®„ÅÜÔºÅ„Éû„Éû„Å∏„ÅÆ„Ç´„Éü„É≥„Ç∞„Ç¢„Ç¶„Éà„Å®„Åç„ÅØ„ÄÅÁôæÂπ¥Ê¢ÖÈÖí„Å®„Å∫„Åì„Å°„ÇÉ„Çì„Ç∞„ÉÉ„Ç∫„ÇíË¶ã„Åõ„Å¶„ÄÅÂÖéÁî∞„Å∫„Åì„Çâ„Åå„Å©„Çå„Å†„Åë„ÅÆÂ§ßÁâ©„Åã„ÇíÁü•„Å£„Å¶„ÇÇ„Çâ„Åä„ÅÜÔºÅ

Èï∑„ÅÆÈÖç‰ø°„ÅßÊØéÊó•„ÅåÊ•Ω„Åó„Åè„Å™„Çä„Åæ„Åó„Åü„ÄÇ„Å∫„Åì„Éº„Çâ„ÅØ„Åü„Å†„ÅÆÂèØÊÑõ„ÅÑ„Ç¢„Ç§„Éâ„É´„ÇÑ„Ç§„Çø„Ç∫„É©Ëä∏‰∫∫„Åß„ÅØ„Å™„ÅÑ„ÄÇVTuber„Å®„Åó„Å¶„ÅÆÁúüÊëØ„Å™„Éó„É≠ÊÑèË≠ò„ÄÅ„ÄÅË£èÊñπ„ÅÆÈ†ëÂºµ„Çä„ÄÅ„Åù„Åó„Å¶ÈÖç‰ø°‰∏≠„ÅÆË´¶„ÇÅ„Å™„ÅÑÂßøÂã¢„ÅØÁßÅ„ÅÆÂ∞äÊï¨„Å®Ë≥ûË≥õ„Å´ÂÄ§„Åô„Çã„ÇÇ„ÅÆ„Åß„Åó„Åü„ÄÇ„Éõ„É≠„É©„Ç§„Éñ2nd„Éï„Çß„ÇπÈ†ëÂºµ„ÇåÔºÅ„Å∫„Åì„Çâ„Çπ„Éà„Éº„É™„Éº„ÅÆÊ¨°„ÅÆÁ´†„ÅåÊ•Ω„Åó„Åø„Å∫„ÅìÔºÅ

Êï∞„É∂ÊúàÂâç„ÅÆ„Çπ„Éä„ÉÉ„ÇØÂÖéÁî∞„Åß„ÄÅ„Å∫„Åì„Çâ„Éû„Éû„Å´ÊÅãÊÑõÁõ∏Ë´á„Çí„Åó„Åü„Ç¢„É°„É™„Ç´„ÅÆÈáé„ÅÜ„Åï„Åé„Å†„ÄÇÁßÅ„Çà„Çä„Åö„Å£„Å®Âπ¥‰∏ä„ÅßÈÅ†„ÅÑÂõΩ„Å´‰Ωè„Çì„Åß„ÅÑ„Çã„ÄÅÂèØÊÑõ„Åè„Å¶Èù¢ÁôΩ„ÅÑ„Éê„Éã„Éº„Ç¨„Éº„É´„Å∏‚Äï‚Äï„Ç¢„Ç§„É©„Éñ„É¶„Éº„ÄÇ„Ç¢„Ç§„É©„Éñ„É¶„ÉºÔºÅ„Ç¢„Ç§„É©„Éñ„É¶„ÉºÔºÅÔºÅ"
2020/11/26 0:10:51,https://pbs.twimg.com/profile_images/1243627179352698884/O0voPl6e_400x400.jpg,Farhan Luthfi,South East Asia,,https://twitter.com/luthvirtue,"Congratulations to 1M Youtube Follower.  Thank you for giving us entertainment. It is a really fun time watching Pekora's stream. From now on, let's do our best."
2020/11/26 0:51:47,,Anonymous Nousagi #69,South East Asia,,,"Congratulations, Pekora! Thanks for all your streams, and thanks for being who you are. :D"
2020/11/26 5:58:15,https://imgur.com/BzRwPyr,aconeoilu,South East Asia,,,„Åä„ÇÅ„Åß„Å£„Å®„Åä„Åä„Åä„Åä„Åä„Å∫„Åì„Å∫„Åì„Å∫„ÅìÔºÅÔºÅ
2020/11/26 6:45:17,,iamhuman1,South East Asia,,@RationedGachas,„Åì„Çì„Å∫„ÅìÔºÅ100‰∏á‰∫∫Á™ÅÁ†¥„Åä„ÇÅ„Åß„Å®„ÅÜ„Åî„Åñ„ÅÑ„Åæ„Åô„Éö„Ç≥! „ÇÇ„Å£„Å®„Åü„Åè„Åï„Çì„ÅÆ„Éé„Ç¶„Çµ„ÇÆ„ÅåÊù•„Å¶„ÄÅ„ÅÇ„Å™„Åü„ÅÆ„Çπ„Éà„É™„Éº„É†„ÇíÊ•Ω„Åó„Çì„Åß„Åè„Çå„Çã„Åì„Å®„ÇíÈ°ò„Å£„Å¶„ÅÑ„Åæ„Åô„ÄÇ„ÅÑ„Å§„ÇÇÊ•Ω„Åó„Çì„Åß„ÅÑ„Çã„Åì„Å®„ÇíÂøò„Çå„Åö„Å´„ÄÇ„Åì„Çå„Åã„Çâ„ÇÇ„Åæ„Åô„Åæ„Åô„ÅÆ„ÅîÊ¥ªË∫ç„ÇíÊúüÂæÖ„Åó„Å¶„ÅÑ„Åæ„Åô„ÄÇ
2020/11/26 14:35:10,https://imgur.com/sOURzh3,Raaban,Europe & North Asia,,@Gumiraaban,"I'm not that long into Hololive, but Pekora entertains me the most and I really wanna thank you,Pekora, for being an awesome Person. Just watching your stream really keeps me motivated in general and again, thank you so much, u deserve it. Congratulations and keep up the good work!"
2020/11/26 21:05:14,https://i.imgur.com/AIL7Zgh_d.webp?maxwidth=640&shape=thumb&fidelity=medium,HonshouReimu,Europe & North Asia,,,"Congratulation, pekora!!!!! Omedetou!!!! I love watching your streams so i am very happy that you got so popular!!! Konpeko~~~~~~~~~"
2020/11/26 21:33:50,https://i.imgur.com/ZoIklxJ.jpg,KG-san,North America,,,"ÊØéÊó•„Åå„Çì„Å∞„Å£„Å¶„Çã„ÅÆ„Å∫„Åì„Éº„Çâ„ÅØ„ÅÇ„Çä„Åå„Å®„ÅÜ!
„ÅäÂâç„ÅÆÁ¨ëÈ°î„Åù„Åó„Å¶Á¨ë„ÅÑÂ£∞„ÅØÊú¨ÂΩì„Å´Âä©„Åã„Çã!
Worldwide UsagiÁõÆÊåá„Åõ„Å∫„Åì!"
2020/11/27 0:58:36,,,Europe & North Asia,,@Vasco89213628,Hello Pekora!! Congratulations on reaching a million subscribers! You have worked very hard and you deserve this huge number. I started watching you when you were at 600 thousand and ever since then I'm having a blast whenever i see your streams. Thank you very much for being yourself and hope to see you continue!!!
2020/11/27 11:50:29,,,,,,"First of all congratulations on 1M SUB pekora! Really it felt like yesterday you were just celebrating your 400k milestones. I am looking forward to you and hololive to keep growing and though we your fans the nousagis keep bullying and teasing you, never doubt that we love you and will continue to watch over you.

Once again congratulations peko, looking forward to more laughter and comedies in the future! "
2020/11/27 17:34:29,https://twitter.com/Asuca_as/status/1332496064704757760?s=20,„ÅÇ„Åô„ÅÇ„Åô„Åã,East Asia,https://twitter.com/Asuca_as/status/1303559993413627904?s=20,Ôº†asuca_as,„Å∫„Åì„Éº„Çâ„ÉÅ„É£„É≥„Éç„É´ÁôªÈå≤ËÄÖ100‰∏á‰∫∫„Åä„ÇÅ„Åß„Å®„ÅÜ„ÉºÔºÅÔºÅÔºÅÂπ¥ÂÜÖ100‰∏á„ÅØÊú¨ÂΩì„Å´ÂáÑ„ÅÑ„Å∫„Åì‚Ä¶ÔºÅÔºÅËâ≤„Çì„Å™Ê•Ω„Åó„ÅÑ„Åì„Å®„ÄÅÂ¨â„Åó„ÅÑ„Åì„Å®„ÄÅÊôÇ„Å´„ÅØËã¶„Åó„ÅÑÊôÇ„ÇÇ„ÅÇ„Å£„Åü„Åë„Å©„Åù„Çå„Çí‰πó„ÇäË∂ä„Åà„Å¶‰ªä„ÅØ100‰∏á‰∫∫„ÅÆÈáé„ÅÜ„Åï„ÅéÈÅî„ÅÆÈï∑„Å†„Å≠‚Ä¶ÔºÅÔºÅ„Åì„Çå„Åã„Çâ„ÇÇ„Åö„Å£„Å®„Åö„Å£„Å®ÂøúÊè¥„Åó„Åô„Å•„Åë„Çã„Å∫„ÅìÔºÅÔºÅÊúÄÂæå„Å´„ÄÅ‰∏ñÁïå‰∏ÄÂèØÊÑõ„ÅÑ„Çà„ÉºÔºÅÔºÅÔºÅÔºÅÂ§ßÂ•Ω„ÅçÔºÅ
2020/11/27 18:58:08,https://imgur.com/a/w9oL180,Vadur,South East Asia,,@OnVadur,Congratulations Pekora on 1 Million Subscribers! I started watching you for 6 months through translated clips. I am very thankful for your hardwork and will continue supporting you as always! Much hugs and kisses from overseas!
2020/11/27 20:07:46,https://pbs.twimg.com/profile_images/1274542203805696000/KlUL0Lbz_400x400.jpg,„ÄêÈáé„ÅÜ„Åï„ÅéÂç∞„ÅÆÁôí„Åó„ÅÆÊúàÂÖâ„Äë„Åã„Å£„Å§„ÅÅ„Çì,East Asia,https://pbs.twimg.com/media/EdDq8stUEAAdzqK?format=jpg&name=large,@airis095,"„ÉÅ„É£„É≥„Éç„É´ÁôªÈå≤ËÄÖÊï∞100‰∏á‰∫∫ÈÅîÊàê„ÄÅÊú¨ÂΩì„Å´„Åä„ÇÅ„Åß„Å®„ÅÜÔºÅ„Å∫„Åì„Éº„Çâ„Å´Âá∫ÈÄ¢„Å£„ÅüÊôÇ„ÅØ„Åæ„Å†10‰∏á‰∫∫„ÇíÈÅîÊàê„Åô„ÇãÂâç„Å†„Å£„Åü„Åë„Å©„ÄÅ„ÅÇ„Çå„Åã„Çâ1Âπ¥„Åó„ÅãÁµå„Å£„Å¶„Å™„ÅÑ„ÅÆ„Å´‰ªä„Åß„ÅØ10ÂÄçÔºÅÊúÄËøë„Åß„ÅØÊ°à‰ª∂„ÇÇ„Åü„Åè„Åï„Çì„Åß„Åô„Åî„ÅÑ„Å≠ÔºÅ„Åì„Çå„ÇÇ„ÄÅ„Å∫„Åì„Éº„Çâ„ÅÆÈ†ëÂºµ„Çä„Åå„ÅÇ„Å£„Åü„Åã„Çâ„Å†„Å®ÊÄù„ÅÜ„ÇàÔºÅ„Åù„Çå„Åã„Çâ„ÄÅË™ïÁîüÊó•„Å´‰∫å„Å§Âêç„ÇíËÄÉ„Åà„Å¶„Åè„Çå„Å¶„ÅÇ„Çä„Åå„Å®„ÅÜÔºÅ„Å®„Å¶„ÇÇÂ§ßÂàá„Å´„Åó„Å¶„Åæ„ÅôÔºÅ„Å∫„Åì„Éº„Çâ„Å´Âá∫ÈÄ¢„Å£„Åü‰ªä„Åß„ÅØ„ÄÅÊúÄÂ§ß„ÅÆÁôí„ÅóÊàêÂàÜ„ÅØ„Å∫„Åì„Éº„Çâ„Å†„Åë„Å©„Å≠ÔΩó„Åì„Çå„Åã„Çâ„ÅÆ„Å∫„Åì„Çâ„Çπ„Éà„Éº„É™„Éº„ÇÇ„ÅäÊúàÊßò„Çà„Çç„Åó„ÅèË¶ãÂÆà„Çä„Å™„Åå„ÇâÂÖ®Âäõ„ÅßÂøúÊè¥„Åó„Å¶„ÅÑ„Åè„Åã„Çâ„ÄÅ„Åì„Çå„Åã„Çâ„ÇÇÂÖÉÊ∞ó„Å´„ÄÅ„Åù„Åó„Å¶Ê•Ω„Åó„Åù„ÅÜ„Å´ÈÖç‰ø°„Åó„Å¶„ÅÑ„ÇãÂßø„ÅåË¶ã„Çâ„Çå„Çã„Å®„ÅÜ„Çå„Åó„ÅÑ„Åß„Åô„ÄÇ‰ªäÂæå„Å®„ÇÇ„Çà„Çç„Åó„Åè„Å≠„ÄÇÂ§ßÂ•Ω„Åç„ÉºÔºÅ
"